year,country,region,country_avg_rank,universities_ranked_count,best_university_rank,country_avg_overall_score,country_avg_academic_reputation,country_avg_citations,country_avg_international_ratio
2018,Argentina,Latin America,652.65,17,75.0,33.63,33.37,34.59,83.01
2023,Taiwan,Asia,1041.45,47,77.0,26.27,20.02,19.55,8.87
2026,United Kingdom,Europe,614.48,126,2.0,46.87,35.82,38.92,35.29
2023,Turkey,Asia,1264.96,73,460.0,24.69,17.31,16.31,8.88
2016,Finland,Europe,352.89,9,76.0,38.96,38.59,40.11,9.0
2018,Germany,Europe,313.21,81,35.0,49.57,49.65,48.83,12.95
2023,Bangladesh,Asia,1067.5,6,809.0,30.79,17.08,10.04,4.52
2026,Japan,Asia,1349.57,120,36.0,29.01,25.61,22.27,5.48
2024,Iran,Asia,1064.04,67,519.0,31.55,31.63,30.65,3.13
2026,Indonesia,Asia,1323.15,44,189.0,26.65,23.15,10.65,6.33
2023,Jordan,Asia,946.6,10,578.0,41.95,14.82,10.93,19.22
2022,Mexico,Latin America,1064.0,35,105.0,30.36,30.33,30.45,241.41
2023,India,Asia,920.08,96,156.0,33.15,21.84,33.12,6.8
2019,Germany,Europe,323.32,83,33.0,47.82,49.72,47.79,14.22
2018,Japan,Asia,754.28,93,28.0,24.76,24.87,24.47,45.89
2023,Denmark,Europe,299.43,7,82.0,45.57,39.93,47.15,17.14
2017,United States,North America,378.68,209,1.0,45.95,44.98,45.21,139.8
2023,United States,North America,646.76,264,1.0,44.35,28.72,37.03,16.54
2020,United States,North America,458.79,229,1.0,45.59,45.51,45.31,81.75
2021,United States,North America,492.25,237,1.0,44.73,44.34,44.76,78.92
2023,Australia,Oceania,384.89,44,30.0,48.7,34.07,59.03,29.75
2022,United Kingdom,Europe,503.59,117,2.0,45.11,44.69,45.1,21.23
2020,Canada,North America,446.05,32,29.0,40.55,40.36,39.48,13.23
2026,Turkey,Asia,1633.16,98,351.0,24.68,24.91,23.94,9.43
2021,Ireland,Europe,371.77,11,101.0,42.16,38.96,39.02,19.51
2024,China,Asia,986.71,45,358.0,33.36,33.62,34.06,3.22
2026,Republic Of Korea,Asia,682.03,43,38.0,36.74,22.69,33.0,15.2
2023,Saudi Arabia,Asia,627.19,26,106.0,40.06,23.96,22.85,10.94
2025,Morocco,Africa,1438.58,13,414.0,27.9,24.62,24.23,3.12
2023,Mexico,Latin America,1150.91,45,105.0,28.03,14.59,6.96,11.93
2023,China,Asia,1006.08,49,453.0,29.5,30.04,29.55,3.16
2026,Romania,Europe,1450.67,28,765.5,28.48,20.26,20.5,13.13
2018,Russia,Europe,508.12,24,95.0,32.85,34.37,31.32,15.95
2023,Canada,North America,551.78,36,31.0,42.2,28.51,40.74,22.06
2020,France,Europe,576.3,72,46.0,40.31,40.83,40.35,19.68
2026,Mexico,Latin America,1402.96,37,136.0,29.34,21.31,8.96,11.19
2020,Malta,Europe,783.0,1,783.0,28.82,32.86,26.17,9.0
2023,Thailand,Asia,1128.0,20,224.0,23.75,22.14,10.72,4.46
2019,United States,Americas,431.42,229,1.0,44.48,45.06,44.04,88.07
2016,United Kingdom,Europe,329.32,78,2.0,43.92,43.23,42.78,28.22
2018,Singapore,Asia,157.17,3,11.0,80.77,80.59,81.48,16.2
2020,Ireland,Europe,363.23,11,108.0,42.27,43.28,42.01,19.32
2025,Iraq,Asia,1576.8,22,825.5,21.63,17.44,16.44,1.25
2020,Finland,Europe,387.95,10,107.0,37.6,38.44,36.85,8.61
2019,South Korea,Asia,461.24,35,36.0,37.06,38.41,36.91,132.89
2024,Italy,Europe,632.63,78,123.0,42.24,31.14,41.55,10.98
2016,Sweden,Europe,189.64,11,28.0,51.56,51.66,51.91,11.27
2019,Jordan,Asia,830.07,7,389.0,32.03,33.78,36.11,12.4
2026,France,Europe,858.67,75,28.0,41.76,33.89,35.92,20.8
2025,Chile,Americas,1334.84,50,93.0,27.98,20.3,13.86,10.12
2024,Germany,Europe,374.69,89,37.0,46.89,40.85,41.89,19.5
2023,Spain,Europe,835.17,78,178.0,35.3,28.29,25.92,15.9
2025,Argentina,Americas,1153.91,32,71.0,33.83,16.08,5.32,19.31
2022,Brazil,Latin America,1169.52,80,121.0,25.65,25.99,25.62,89.52
2025,Switzerland,Europe,366.64,18,7.0,54.63,45.07,58.74,31.77
2025,Russia,Europe,936.89,47,94.0,29.78,11.88,2.91,19.71
2026,United States Of America,Americas,647.61,192,1.0,48.68,29.74,38.11,19.26
2026,Argentina,Americas,1252.79,26,84.0,34.3,22.35,7.25,17.02
2023,Kazakhstan,Asia,691.12,16,150.0,46.86,13.38,1.28,20.0
2020,Russian Federation,Europe,1170.52,21,548.0,18.13,18.78,19.06,11.05
2021,China,Asia,911.77,48,518.0,27.52,27.15,25.64,3.9
2021,Mexico,Latin America,991.32,34,100.0,31.09,30.53,32.11,248.64
2021,Germany,Europe,360.49,85,32.0,47.98,48.61,48.93,14.82
2022,Pakistan,Asia,905.94,24,358.0,27.53,28.36,28.04,210.6
2024,United States,North America,629.21,256,1.0,44.21,29.31,36.0,15.65
2019,Spain,Europe,599.65,57,137.0,33.61,33.66,33.55,95.81
2016,United States,North America,268.1,147,1.0,48.97,48.75,49.63,12.14
2018,Sweden,Europe,322.5,14,38.0,45.63,47.22,45.93,18.03
2024,Spain,Europe,812.01,82,149.0,36.24,30.03,26.82,14.68
2021,Japan,Asia,951.49,117,24.0,24.78,25.02,24.49,4.04
2026,Qatar,Asia,178.0,2,112.0,58.7,28.8,86.65,33.77
2024,Latvia,Europe,1149.9,5,755.5,30.56,13.41,9.62,18.4
2025,United States,Americas,664.44,260,1.0,45.11,29.52,34.2,16.34
2020,South Korea,Asia,506.23,37,37.0,36.42,36.87,37.31,125.95
2017,Philippines,Asia,575.38,4,374.0,33.72,38.15,37.04,833.89
2018,United States,North America,422.67,219,1.0,46.41,46.44,45.96,112.72
2026,Lebanon,Asia,818.7,10,237.0,37.17,19.26,10.22,20.4
2023,Italy,Europe,680.0,77,139.0,40.84,29.1,39.63,11.89
2024,India,Asia,1005.42,118,149.0,33.09,24.1,32.62,6.94
2020,China (Mainland),Asia,469.33,42,16.0,39.14,39.24,38.94,110.64
2021,Algeria,Other,1256.4,10,533.0,19.23,20.06,20.37,1.0
2024,Austria,Europe,439.0,17,130.0,45.47,37.52,37.55,28.36
2020,Chile,Latin America,875.53,30,127.0,30.02,29.99,29.43,238.33
2025,Egypt,Africa,1118.86,37,350.0,31.11,25.2,18.67,4.17
2020,Italy,Europe,551.54,63,149.0,41.26,41.11,40.54,51.51
2017,Costa Rica,Latin America,684.62,4,475.5,31.21,33.9,33.66,15.99
2021,France,Europe,585.76,75,46.0,38.82,39.11,39.82,19.07
2025,France,Europe,797.38,74,24.0,41.63,30.69,34.12,20.09
2026,Finland,Europe,384.82,11,114.0,43.57,36.49,55.81,13.23
2022,Argentina,Latin America,915.75,28,69.0,36.73,36.44,36.57,55.25
2024,Colombia,Latin America,1223.43,43,198.0,26.35,18.19,9.47,11.4
2023,Croatia,Europe,1169.25,4,996.0,26.76,7.48,3.72,7.81
2022,Thailand,Asia,1055.18,19,215.0,23.52,23.88,23.26,2.23
2025,United Arab Emirates,Asia,470.42,13,202.0,38.6,19.69,21.64,37.29
2026,India,Asia,1100.42,163,123.0,34.76,27.22,36.06,6.8
2018,Israel,Asia,429.0,10,145.0,38.01,39.84,35.83,412.67
2021,Brazil,Latin America,1066.01,69,115.0,25.56,25.93,25.47,103.15
2024,Japan,Asia,1185.91,124,28.0,27.19,22.28,20.27,5.07
2016,Serbia,Europe,737.0,1,737.0,17.71,20.34,19.7,4.0
2025,Turkey,Asia,1430.32,104,285.0,26.25,21.12,20.42,10.37
2023,Russia,Europe,732.0,48,75.0,30.51,11.22,3.34,18.29
2025,Hong Kong Sar,Asia,169.5,7,17.0,70.7,60.31,78.04,41.7
2024,Russia,Europe,892.0,48,87.0,28.84,12.17,3.19,19.47
2026,Türkiye,Asia,913.31,26,269.0,35.8,18.27,15.63,16.42
2018,India,Asia,798.04,47,172.0,23.37,23.1,23.36,2.38
2024,Poland,Europe,1155.03,48,262.0,30.75,20.29,16.11,11.29
2017,South Africa,Africa,532.17,12,186.0,32.23,31.61,32.58,141.19
2022,China (Mainland),Asia,545.59,58,17.0,41.15,41.21,41.62,351.71
2023,Mozambique,Other,654.0,1,654.0,37.54,58.89,40.76,0.0
2026,Algeria,Other,1933.32,28,1428.0,18.97,19.11,19.11,0.64
2022,Japan,Asia,1043.91,120,23.0,24.82,24.45,24.95,4.19
2025,Vietnam,Asia,1000.65,10,495.0,32.28,19.66,25.68,3.34
2025,Italy,Europe,644.97,77,111.0,43.65,31.91,40.56,11.84
2020,Slovakia,Europe,1001.5,5,775.5,20.93,18.62,21.85,2.78
2022,Russian Federation,Europe,1361.97,31,349.0,19.12,18.66,18.91,11.9
2023,United Arab Emirates,Asia,556.75,12,181.0,50.45,16.27,14.11,33.41
2025,South Korea,Asia,758.47,50,31.0,39.83,22.06,27.98,13.78
2023,United Kingdom,Europe,532.05,119,2.0,45.62,30.96,36.67,30.4
2024,Argentina,Latin America,1009.48,27,95.0,33.04,14.54,3.1,19.2
2017,Australia,Oceania,345.58,42,22.0,46.05,47.16,45.24,20.54
2021,Spain,Europe,716.78,72,154.0,34.37,33.72,34.18,79.95
2020,Azerbaijan,Asia,950.75,2,900.5,31.9,33.36,34.33,1.83
2020,Latvia,Europe,961.38,4,725.5,23.6,24.51,23.27,2.02
2022,China,Asia,941.56,52,451.0,28.87,29.54,30.01,3.46
2025,Austria,Europe,428.85,17,137.0,48.21,36.07,34.85,29.59
2019,Latvia,Europe,858.83,3,775.5,23.6,22.77,21.64,1.93
2019,Ukraine,Europe,788.31,8,481.0,26.96,30.16,28.28,10.41
2018,Denmark,Europe,367.29,7,73.0,53.24,56.3,56.94,13.76
2020,Israel,Asia,461.6,10,162.0,38.35,37.16,39.03,416.09
2017,Colombia,Latin America,568.08,13,269.0,34.84,34.52,36.62,426.69
2026,China,Asia,1019.68,53,228.0,35.93,36.87,34.94,3.11
2023,Bosnia And Herzegovina,Europe,1389.0,1,1389.0,22.8,4.8,2.1,20.34
2026,United States,North America,755.8,56,15.0,43.69,42.15,43.47,9.93
2023,Chile,Latin America,1159.95,43,121.0,30.28,19.7,13.14,11.83
2024,Saudi Arabia,Asia,706.8,27,143.0,39.88,25.58,23.62,10.23
2025,Panama,Americas,1200.5,2,1100.5,42.6,7.2,1.1,32.17
2026,Belarus,Europe,661.25,3,447.0,31.87,18.6,1.37,17.68
2024,Australia,Oceania,326.52,44,14.0,48.54,35.94,60.11,26.72
2020,Kenya,Africa,1001.0,1,1001.0,26.32,29.01,24.02,1.0
2017,Greece,Europe,590.86,7,395.0,31.14,27.72,34.31,3.4
2018,Algeria,Other,987.0,1,987.0,16.01,17.63,14.78,1.0
2023,Brazil,Latin America,1290.91,90,115.0,24.95,18.21,15.32,7.33
2025,Bahrain,Asia,684.25,4,507.0,46.9,23.63,11.41,38.21
2026,Chile,Americas,1388.78,46,116.0,30.1,24.89,17.44,9.38
2020,Romania,Europe,1089.92,12,884.0,20.65,19.52,20.48,5.72
2024,France,Europe,729.4,69,24.0,40.8,31.89,35.12,21.43
2020,Lithuania,Europe,682.38,4,458.0,24.1,20.57,26.8,8.06
2016,Australia,Oceania,302.42,31,33.0,43.76,41.52,46.37,25.48
2018,Thailand,Asia,724.83,12,245.0,24.08,24.51,24.59,120.32
2021,Turkey,Asia,1118.52,50,428.0,24.01,23.87,24.2,4.11
2017,Belgium,Europe,241.12,12,79.0,49.01,47.67,47.28,18.87
2023,South Korea,Asia,662.53,47,29.0,36.36,22.05,23.51,13.06
2021,United Kingdom,Europe,475.65,119,5.0,42.34,42.32,43.13,22.23
2026,Spain,Europe,906.25,86,160.0,39.01,32.27,29.18,17.1
2022,United States,North America,563.63,249,1.0,44.6,44.17,44.61,75.31
2026,Iran,Asia,1160.26,80,387.0,33.04,33.05,33.16,5.26
2021,China (Mainland),Asia,495.79,51,15.0,39.97,40.64,40.12,212.02
2023,Japan,Asia,1118.23,122,23.0,25.68,20.22,18.13,5.52
2019,Hungary,Europe,700.69,8,470.0,27.59,29.96,27.76,9.46
2023,Ukraine,Europe,1171.12,17,551.0,30.7,10.06,6.62,14.02
2020,United Kingdom,Europe,468.53,116,4.0,43.02,42.93,41.34,22.49
2024,Canada,North America,513.78,37,21.0,45.36,29.44,38.29,22.39
2026,Russian Federation,Europe,1470.93,96,105.0,25.52,18.23,14.05,16.72
2017,China (Mainland),Asia,375.89,33,24.0,41.03,37.93,39.58,140.71
2021,Hungary,Europe,763.36,11,426.0,30.19,29.41,29.52,10.24
2018,Canada,North America,382.43,29,31.0,43.96,40.75,44.13,13.91
2026,Australia,Oceania,373.87,43,19.0,53.68,42.18,66.97,30.67
2019,Mexico,Latin America,894.86,28,113.0,25.76,24.77,26.67,300.7
2023,France,Europe,740.97,64,26.0,40.45,29.99,32.58,20.31
2018,Saudi Arabia,Asia,580.27,11,173.0,35.32,38.14,36.97,190.87
2022,Lebanon,Asia,660.39,9,242.0,46.54,43.5,47.73,9.39
2024,United Kingdom,Europe,519.27,121,2.0,45.05,32.02,36.12,30.03
2017,Brazil,Latin America,688.66,44,120.0,26.37,26.92,26.19,161.3
2025,Taiwan,Asia,1141.86,51,68.0,29.65,22.44,21.41,8.51
2020,Russia,Europe,466.62,25,84.0,30.62,30.18,30.19,14.4
2025,Iran,Asia,1110.58,72,410.0,32.58,32.54,33.08,4.0
2020,Japan,Asia,883.41,111,22.0,24.58,24.14,24.31,4.17
2023,Germany,Europe,384.76,86,33.0,49.01,40.16,41.14,19.89
2019,China,Asia,866.66,38,344.0,23.76,22.72,24.48,3.45
2022,Poland,Europe,1048.53,33,308.0,27.75,28.39,26.78,360.38
2024,Cuba,Latin America,1110.8,5,645.5,42.86,12.57,5.16,21.4
2023,Morocco,Africa,1371.44,9,1175.0,21.09,18.66,18.38,3.04
2020,Brunei,Asia,338.5,2,298.0,31.75,34.78,30.62,18.85
2023,Pakistan,Asia,886.3,33,334.0,31.66,23.26,27.66,3.36
2021,Denmark,Europe,263.29,7,76.0,51.34,51.66,54.94,14.31
2025,Canada,Americas,563.74,38,25.0,44.39,29.08,38.62,22.7
2023,Colombia,Americas,1132.64,39,220.0,31.32,17.49,9.26,14.96
2025,Singapore,Asia,262.0,4,8.0,57.58,52.78,67.58,21.76
2025,Australia,Oceania,346.2,45,13.0,48.63,35.98,61.48,26.44
2025,Ireland,Europe,370.9,10,87.0,44.48,35.05,31.66,25.51
2025,Spain,Europe,847.99,80,150.0,37.77,29.99,26.13,15.48
2025,China,Asia,1016.12,52,239.0,34.66,36.01,35.09,2.81
2022,Jordan,Asia,927.65,10,424.0,37.74,37.46,34.98,12.6
2018,Indonesia,Asia,737.88,12,277.0,27.48,26.3,27.76,766.05
2021,Australia,Oceania,358.74,43,31.0,45.75,45.44,47.15,20.69
2025,Indonesia,Asia,1311.3,42,206.0,25.73,18.26,9.31,8.34
2022,Slovenia,Europe,880.0,3,595.5,26.1,26.27,25.32,7.11
2016,South Korea,Asia,489.38,24,85.0,31.56,30.99,32.26,7.42
2025,Germany,Europe,390.38,89,28.0,49.87,40.45,42.47,21.02
2019,Japan,Asia,818.68,104,23.0,23.85,23.96,23.79,4.28
2025,Greece,Europe,1122.83,18,321.0,28.95,23.21,31.02,3.83
2022,Denmark,Europe,280.29,7,79.0,46.6,43.85,46.72,15.1
2017,Turkey,Asia,672.68,22,346.0,27.43,26.15,27.52,4.03
2019,Canada,North America,401.31,29,28.0,40.7,42.54,39.89,13.44
2017,Austria,Europe,410.54,13,155.0,40.41,40.85,41.09,27.21
2020,Saudi Arabia,Asia,576.77,13,186.0,37.14,34.94,37.4,161.79
2026,Malaysia,Asia,795.19,40,58.0,39.12,29.39,22.69,21.22
2024,Russian Federation,Europe,1637.33,48,387.0,19.23,18.6,18.65,11.77
2017,Kazakhstan,Asia,528.12,8,236.0,38.08,42.57,37.89,1158.35
2020,Mexico,Latin America,946.2,28,103.0,28.77,28.43,29.79,300.91
2023,Armenia,Asia,950.0,2,894.0,47.2,5.85,1.55,20.58
2017,Canada,North America,354.28,29,30.0,44.16,42.5,43.74,14.38
2024,"Iran, Islamic Republic Of",Asia,611.64,7,334.0,34.16,8.24,67.29,6.13
2018,China (Mainland),Asia,452.73,39,25.0,39.72,39.92,38.94,118.81
2018,Colombia,Latin America,682.4,15,254.0,31.22,29.58,32.96,370.06
2017,Germany,Europe,297.42,77,30.0,48.53,48.86,49.14,12.77
2024,Turkey,Asia,1348.35,88,336.0,24.56,18.98,18.44,9.31
2016,Netherlands,Europe,105.08,13,47.0,60.02,57.72,58.49,16.54
2023,Iran,Asia,949.98,59,362.0,31.0,31.21,31.21,2.61
2025,India,Asia,1073.64,135,118.0,35.02,25.4,32.61,7.01
2022,Iran,Asia,963.25,52,360.0,28.56,28.35,29.41,1.94
2023,Russian Federation,Europe,1528.36,44,330.0,17.71,18.07,17.64,11.75
2017,France,Europe,420.63,67,33.0,37.8,37.48,37.57,17.07
2017,Italy,Europe,483.47,52,140.0,36.59,37.54,36.33,60.38
2025,Estonia,Europe,694.67,3,358.0,35.21,14.9,9.03,13.67
2019,Chile,Latin America,828.48,26,132.0,28.85,29.52,27.18,274.64
2018,Portugal,Europe,530.09,11,301.0,32.59,33.81,33.46,10.23
2024,Chile,Latin America,1239.64,49,103.0,28.21,20.59,14.41,10.86
2016,Switzerland,Europe,168.7,10,9.0,56.18,55.58,53.47,28.4
2018,South Korea,Asia,453.39,33,36.0,40.28,39.67,38.88,140.5
2020,Taiwan,Asia,806.14,38,69.0,25.29,25.95,24.74,7.45
2018,France,Europe,513.87,68,43.0,37.11,37.22,37.38,17.39
2021,Colombia,Latin America,855.12,24,227.0,34.58,34.52,36.77,231.93
2017,Hong Kong,Asia,104.0,3,43.0,62.6,67.13,61.02,30.33
2017,South Korea,Asia,414.8,32,35.0,39.4,39.51,40.77,144.46
2021,Ukraine,Europe,1027.42,13,477.0,27.24,27.99,27.27,8.61
2019,Egypt,Africa,850.38,20,420.0,21.83,22.04,22.17,1.85
2019,China (Mainland),Asia,455.6,40,17.0,39.03,39.3,39.69,189.63
2025,Pakistan,Asia,1005.39,53,315.0,33.79,27.93,30.14,3.37
2020,Jordan,Asia,872.44,9,385.0,33.6,31.63,33.22,12.19
2019,Australia,Oceania,373.81,42,24.0,45.54,45.45,46.21,20.92
2026,Canada,Americas,559.59,39,27.0,46.68,36.42,48.16,22.85
2023,China (Mainland),Asia,625.92,71,12.0,42.98,16.89,52.32,12.56
2026,China (Mainland),Asia,616.32,72,14.0,46.0,21.88,70.61,14.17
2021,Malaysia,Asia,658.92,26,59.0,38.08,38.34,38.25,48.52
2016,Germany,Europe,197.73,37,29.0,51.04,51.73,51.73,12.68
2020,Uganda,Africa,1001.0,1,1001.0,35.12,36.48,35.94,7.77
2026,Italy,Europe,644.77,80,98.0,45.37,35.17,47.49,13.04
2026,Cyprus,Asia,626.5,4,452.0,35.94,26.0,45.84,38.0
2024,Pakistan,Asia,989.03,45,315.0,33.03,24.86,27.07,3.91
2021,Russian Federation,Europe,1244.29,28,336.0,19.18,20.5,19.35,11.14
2017,United Kingdom,Europe,367.05,105,4.0,44.04,43.22,43.94,25.93
2018,Philippines,Asia,642.12,4,367.0,33.33,34.43,32.37,833.88
2022,Italy,Europe,614.23,73,142.0,40.29,39.48,41.44,44.78
2025,Brazil,Latin America,1415.57,89,92.0,26.63,20.52,15.93,7.67
2025,Poland,Europe,1206.26,52,258.0,33.0,21.59,17.81,11.59
2024,Bahrain,Asia,771.0,3,582.0,43.13,13.9,2.27,23.39
2021,Iran,Asia,940.66,41,312.0,27.06,27.44,26.98,1.39
2017,Lithuania,Europe,647.12,4,485.5,23.35,26.03,22.43,8.58
2021,Pakistan,Asia,935.4,20,355.0,25.17,25.92,24.72,252.35
2017,Peru,Latin America,629.17,3,485.5,27.8,23.95,29.85,4.34
2022,Kazakhstan,Asia,707.57,14,175.0,43.7,47.48,43.81,1941.09
2024,Portugal,Europe,793.03,18,253.0,35.76,29.48,37.75,16.95
2024,Romania,Europe,1336.68,29,825.5,25.91,17.2,15.85,11.27
2020,Switzerland,Europe,218.7,15,6.0,58.76,54.46,62.12,31.14
2022,Australia,Oceania,385.44,44,27.0,46.94,45.03,47.74,20.62
2026,Germany,Europe,409.72,100,22.0,51.42,45.16,47.76,22.4
2019,Sweden,Europe,215.33,14,40.0,42.1,43.8,44.66,16.74
2020,Egypt,Africa,875.0,22,395.0,25.3,25.36,25.81,1.67
2016,Thailand,Asia,680.29,7,555.0,20.25,20.22,19.59,1.43
2023,Poland,Europe,1101.81,43,288.0,28.62,17.12,14.0,11.64
2021,Taiwan,Asia,842.48,40,66.0,25.69,25.93,25.76,7.41
2026,Colombia,Latin America,1411.06,33,212.0,30.81,26.08,14.61,7.46
2017,China,Asia,771.58,26,536.0,20.2,20.26,20.41,3.12
2022,Czech Republic,Europe,943.81,21,266.0,25.62,26.02,26.27,7.75
2016,Jordan,Asia,759.5,2,743.0,16.12,19.88,14.16,18.0
2023,Czech Republic,Europe,978.68,22,290.0,28.35,13.34,11.16,16.02
2019,Venezuela,Latin America,950.5,7,775.5,26.02,26.78,24.2,270.65
2019,Portugal,Europe,616.63,15,328.0,30.03,29.82,29.0,10.54
2025,Finland,Europe,401.5,11,113.0,40.69,27.26,46.69,11.47
2018,Taiwan,Asia,664.41,34,76.0,26.96,27.06,26.87,226.32
2022,Spain,Europe,749.71,73,156.0,35.5,36.48,36.33,79.11
2024,Sri Lanka,Asia,1469.25,4,1100.5,24.2,13.29,9.73,1.0
2018,Hong Kong Sar,Asia,160.07,7,26.0,68.21,66.52,70.34,37.47
2026,Egypt,Africa,1164.33,41,347.0,33.47,25.16,18.14,5.76
2020,Germany,Europe,360.83,85,33.0,47.97,48.42,47.92,14.63
2020,Brazil,Latin America,988.03,62,116.0,25.18,26.47,25.6,114.6
2025,Ukraine,Europe,1533.0,22,705.5,25.97,12.74,9.02,10.95
2023,Ethiopia,Africa,594.5,2,548.0,39.58,43.74,43.64,0.0
2025,United Kingdom,Europe,552.13,123,2.0,45.45,32.09,34.62,32.34
2021,Netherlands,Europe,165.21,14,57.0,50.2,46.4,49.7,25.21
2016,Hungary,Europe,657.33,6,518.0,21.67,20.7,22.64,10.83
2025,Japan,Asia,1288.24,121,32.0,27.87,22.53,19.61,5.07
2026,Kazakhstan,Asia,917.63,22,166.0,40.08,20.73,4.62,20.19
2018,United Kingdom,Europe,409.58,108,5.0,44.57,43.53,43.66,24.19
2018,Lithuania,Europe,651.75,4,405.5,26.04,24.95,23.22,8.49
2026,Saudi Arabia,Asia,788.07,38,67.0,42.47,28.29,30.02,13.2
2018,Italy,Europe,510.5,56,156.0,39.78,40.13,39.67,56.77
2022,Netherlands,Europe,159.64,14,55.0,52.28,51.74,54.65,23.84
2024,South Korea,Asia,723.42,48,41.0,38.28,23.28,26.84,12.94
2022,France,Europe,673.89,62,41.0,41.89,41.84,41.43,17.98
2024,Slovakia,Europe,1167.5,9,775.5,31.08,15.71,12.12,14.51
2022,Taiwan,Asia,964.78,43,68.0,25.29,26.47,24.49,7.33
2021,Czech Republic,Europe,861.82,19,260.0,23.33,24.74,23.53,7.71
2021,Vietnam,Asia,1021.4,5,900.5,28.05,22.18,26.39,1.01
2024,Slovenia,Europe,867.17,3,625.5,28.49,10.03,6.03,12.67
2018,Mexico,Latin America,799.95,22,122.0,24.09,24.74,23.52,382.58
2021,Canada,North America,474.68,33,25.0,40.89,40.65,39.59,13.5
2020,Spain,Europe,667.51,66,143.0,34.0,33.76,33.69,85.27
2019,India,Asia,816.06,57,162.0,25.42,26.21,25.69,2.36
2017,Taiwan,Asia,552.73,28,68.0,27.36,27.65,27.69,7.01
2016,Brazil,Latin America,656.41,17,209.0,21.66,20.5,22.04,1.76
2022,Iraq,Asia,1081.75,6,900.5,22.59,22.6,23.04,0.7
2023,Finland,Europe,394.18,11,107.0,41.13,27.66,47.44,9.06
2023,Sweden,Europe,322.29,14,49.0,47.21,43.93,47.9,14.86
2022,Hong Kong,Asia,57.0,3,31.0,71.16,70.01,73.27,32.33
2022,Austria,Europe,451.41,16,151.0,43.28,44.09,39.24,26.0
2024,Finland,Europe,383.68,11,109.0,40.62,27.81,47.19,10.02
2024,Puerto Rico,Latin America,1162.75,2,1100.5,34.98,20.15,13.79,16.8
2023,Netherlands,Europe,175.43,14,58.0,50.09,45.28,67.02,26.3
2025,Colombia,Americas,1369.29,44,179.0,23.39,18.34,10.8,10.67
2025,Russian Federation,Europe,1744.0,54,580.0,20.25,19.89,20.26,13.15
2024,Northern Cyprus,Not Classified,618.5,2,613.0,41.45,39.32,37.61,80.5
2022,Israel,Asia,583.5,11,198.0,33.61,36.34,33.93,376.93
2024,Ecuador,Latin America,1346.25,14,825.5,16.56,9.08,4.76,10.07
2019,France,Europe,514.48,68,42.0,36.5,36.93,36.97,18.35
2024,China (Mainland),Asia,635.03,71,17.0,40.73,17.99,56.18,13.26
2025,"Iran, Islamic Republic Of",Asia,570.72,9,342.0,30.56,8.63,74.87,3.11
2020,Kuwait,Asia,900.5,1,900.5,24.39,26.84,26.98,14.32
2020,Pakistan,Asia,957.25,18,375.0,23.01,21.31,23.73,280.51
2026,Ukraine,Europe,1634.04,27,725.5,24.67,15.78,11.82,9.68
2018,Spain,Europe,560.8,46,140.0,34.36,34.66,33.28,116.97
2018,Finland,Europe,379.95,10,102.0,44.07,39.16,44.22,7.82
2021,Philippines,Asia,705.62,4,396.0,36.76,36.15,40.38,833.83
2024,Nigeria,Africa,1424.87,15,825.0,24.11,20.77,24.39,0.13
2016,Chile,Latin America,621.5,6,416.0,23.29,22.36,21.02,2.33
2024,Macau Sar,Asia,379.5,2,254.0,30.95,7.4,72.35,66.5
2025,Ecuador,Americas,1489.92,18,681.0,16.79,13.6,8.2,9.68
2026,Ireland,Europe,440.0,13,75.0,52.57,44.34,40.61,28.35
2024,Switzerland,Europe,321.22,19,7.0,50.42,43.09,59.86,29.41
2024,Indonesia,Asia,1169.06,37,237.0,23.74,17.21,7.44,8.79
2026,Thailand,Asia,1257.07,23,221.0,29.75,27.35,13.88,3.81
2024,Sweden,Europe,383.27,15,50.0,48.46,43.14,51.52,13.89
2024,Morocco,Africa,1481.54,12,1165.0,23.35,20.64,22.43,2.95
2026,Brazil,Latin America,1458.35,77,108.0,27.66,25.22,19.51,6.34
2025,Algeria,Other,1867.85,26,1315.0,18.15,18.44,18.7,0.58
2021,Chile,Latin America,967.23,35,121.0,32.18,32.03,31.09,204.58
2026,Taiwan,Asia,1161.4,50,63.0,31.79,25.98,28.31,8.91
2026,Pakistan,Asia,1036.01,57,354.0,34.64,26.97,32.47,4.69
2025,China (Mainland),Asia,613.4,71,14.0,43.23,17.32,61.46,13.43
2019,Colombia,Latin America,784.56,18,272.0,29.06,28.73,29.12,308.5
2019,Taiwan,Asia,717.12,34,72.0,25.7,25.06,25.25,7.21
2025,Belarus,Europe,837.67,3,387.0,42.87,16.6,1.17,20.74
2021,India,Asia,909.99,76,172.0,27.62,27.21,27.87,1.88
2026,Austria,Europe,435.0,18,152.0,45.17,43.87,38.33,33.0
2021,"Iran, Islamic Republic Of",Asia,668.08,6,409.0,31.21,31.47,30.55,1.57
2026,Greece,Europe,1152.18,20,355.0,31.66,26.59,34.58,5.27
2022,Indonesia,Asia,1014.29,24,254.0,26.54,26.23,26.26,211.47
2017,Poland,Europe,713.75,12,366.0,23.06,22.35,22.97,275.83
2025,Malaysia,Asia,742.26,36,60.0,38.24,25.85,17.37,18.87
2019,Italy,Europe,504.07,59,155.0,40.49,38.79,39.26,54.27
2024,Hong Kong Sar,Asia,172.64,7,26.0,67.1,60.81,75.8,37.26
2026,Portugal,Europe,912.98,20,230.0,39.32,30.85,40.03,19.28
2023,Romania,Europe,1345.19,27,553.0,21.92,13.63,12.11,11.6
2019,Austria,Europe,430.9,16,175.0,42.41,42.35,41.81,24.09
2025,Venezuela,Latin America,1169.43,8,695.5,39.89,13.9,3.9,22.3
2017,Thailand,Asia,619.64,11,252.0,25.02,24.75,23.18,131.28
2023,Luxembourg,Europe,244.0,1,244.0,51.48,55.32,49.24,51.0
2019,Argentina,Latin America,733.6,20,73.0,32.28,30.59,33.98,69.56
2025,Nigeria,Africa,1534.67,21,960.0,24.61,22.86,21.92,0.1
2022,Russia,Europe,709.36,48,78.0,31.58,32.55,31.55,10.76
2019,United Kingdom,Europe,428.46,114,5.0,42.45,42.05,43.2,23.34
2023,Indonesia,Asia,1054.96,26,231.0,25.14,19.08,8.5,8.68
2017,Indonesia,Asia,634.8,10,325.0,28.17,27.55,31.55,918.51
2018,Egypt,Africa,751.55,11,395.0,21.14,21.02,21.16,2.43
2016,Iran,Asia,584.0,8,478.0,25.16,25.63,24.11,0.62
2017,Mexico,Latin America,661.97,19,128.0,27.5,25.46,29.0,461.41
2017,Venezuela,Latin America,742.14,7,625.5,26.11,24.04,27.73,271.29
2019,Algeria,Other,1070.83,6,852.0,16.99,17.82,16.05,0.67
2025,Mexico,Americas,1347.51,44,94.0,24.57,14.79,6.18,12.55
2026,Viet Nam,Asia,1091.56,10,482.0,32.25,16.54,18.73,12.02
2024,Vietnam,Asia,1137.57,7,514.0,28.23,11.72,16.1,4.68
2020,India,Asia,849.82,64,152.0,27.66,26.85,27.86,1.87
2020,China,Asia,886.77,44,319.0,26.04,25.69,26.25,4.3
2016,Russian Federation,Europe,475.31,13,161.0,31.72,29.46,33.28,9.62
2025,Puerto Rico,Latin America,1256.25,2,1100.5,37.16,20.59,16.07,9.04
2025,Bolivia,Americas,1300.5,2,1300.5,19.4,5.1,1.35,16.13
2019,Russia,Europe,504.26,27,90.0,30.74,29.09,29.12,14.89
2019,Saudi Arabia,Asia,505.09,12,189.0,32.68,33.33,35.43,175.08
2023,Peru,Latin America,1046.5,10,364.0,30.5,14.21,4.19,15.39
2022,India,Asia,933.88,89,177.0,30.02,30.24,30.19,20.84
2017,Ukraine,Europe,705.33,9,382.0,23.48,21.68,25.91,9.72
2024,Malaysia,Asia,758.8,35,65.0,37.34,23.0,15.77,16.4
2022,Vietnam,Asia,985.92,6,469.0,32.32,30.47,31.92,0.81
2026,Bulgaria,Europe,1710.75,6,735.5,27.29,21.11,16.34,13.85
2018,Brazil,Latin America,790.67,50,121.0,25.33,25.77,26.29,142.1
2017,Russia,Europe,482.23,22,108.0,32.2,33.29,32.0,18.25
2025,Belgium,Europe,341.65,13,63.0,45.46,37.75,44.84,20.13
2019,Iran,Asia,909.43,23,374.0,22.48,21.71,22.53,1.26
2024,Ukraine,Europe,1326.78,20,685.5,28.02,12.56,8.36,12.15
2021,Uruguay,Latin America,688.75,4,462.0,32.9,27.66,32.29,2.44
2026,Poland,Europe,1260.32,53,271.0,34.35,23.47,21.97,11.88
2023,Iraq,Asia,1198.62,8,952.0,22.02,13.73,10.32,0.12
2017,Denmark,Europe,273.14,7,68.0,52.66,48.53,54.22,13.65
2025,Portugal,Europe,904.62,20,260.0,35.56,26.21,36.48,16.2
2020,Algeria,Other,1178.12,8,650.0,18.15,19.12,19.32,0.75
2020,Ecuador,Latin America,869.25,4,775.5,37.75,39.8,32.07,1.18
2023,Argentina,Latin America,968.59,27,67.0,37.43,14.32,3.06,20.84
2022,South Korea,Asia,642.42,45,36.0,35.67,35.98,37.22,6.2
2018,Peru,Latin America,751.12,4,435.5,21.55,21.51,22.17,8.63
2016,Uganda,Africa,408.0,1,408.0,34.7,40.45,36.84,9.0
2025,Norway,Europe,474.44,8,119.0,46.9,29.89,30.64,15.8
2026,Venezuela (Bolivarian Republic Of),Americas,1015.5,6,735.5,36.1,21.12,1.92,21.7
2017,Argentina,Latin America,560.59,17,85.0,36.22,38.08,38.08,84.8
2025,Cyprus,Asia,606.75,4,389.0,38.54,31.32,50.24,34.25
2026,Uruguay,Americas,875.38,4,650.0,49.15,24.08,1.65,26.49
2018,Belgium,Europe,245.62,12,71.0,50.0,51.66,53.32,19.33
2022,South Africa,Africa,668.54,14,226.0,36.43,37.65,36.85,120.62
2020,South Africa,Africa,646.04,13,195.0,34.36,34.42,34.76,130.1
2022,Germany,Europe,374.08,85,32.0,47.36,46.64,48.12,14.71
2022,Bangladesh,Asia,1040.0,5,900.5,28.07,26.57,26.83,1.03
2022,Hungary,Europe,865.46,14,276.0,31.85,31.94,32.0,9.76
2017,India,Asia,677.98,34,152.0,23.24,22.28,22.84,2.49
2020,Sweden,Europe,365.33,15,41.0,44.75,47.48,44.85,19.11
2022,"Iran, Islamic Republic Of",Asia,632.17,6,381.0,30.11,31.32,30.48,1.59
2021,Venezuela,Latin America,1011.86,7,775.5,34.57,37.85,33.07,272.49
2022,Turkey,Asia,1207.87,64,415.0,24.04,23.51,24.52,4.72
2022,Canada,North America,513.04,37,26.0,41.99,41.26,43.58,12.77
2018,Australia,Oceania,376.55,42,20.0,47.33,47.52,47.6,20.89
2019,Brazil,Latin America,871.82,53,118.0,25.65,25.98,26.01,134.5
2023,Malaysia,Asia,763.39,31,70.0,36.17,23.92,15.62,15.79
2023,Ecuador,Latin America,1291.0,13,732.0,21.87,9.48,4.62,11.07
2021,Cyprus,Europe,576.67,3,323.0,32.8,30.61,30.72,24.94
2021,Italy,Europe,582.46,71,137.0,39.3,37.57,39.62,46.21
2025,Nepal,Other,1672.0,2,1562.0,22.25,20.54,23.34,6.0
2019,Thailand,Asia,886.4,15,271.0,19.56,18.8,20.06,1.13
2021,Poland,Europe,958.44,26,321.0,26.11,25.82,27.08,455.28
2025,Sweden,Europe,345.36,14,49.0,49.81,43.41,51.82,15.42
2017,Egypt,Africa,708.25,10,365.0,20.29,21.83,20.14,2.6
2025,Romania,Europe,1407.93,29,785.5,26.66,17.1,15.35,13.1
2019,Singapore,Asia,174.33,3,11.0,68.93,73.48,69.77,16.09
2023,Puerto Rico,Latin America,1215.5,2,1110.0,26.71,15.4,11.05,15.36
2024,Serbia,Europe,1046.38,4,725.5,29.56,8.95,3.68,5.89
2026,Tunisia,Africa,1362.46,13,735.5,34.31,22.53,20.74,9.8
2025,Kazakhstan,Asia,874.6,22,163.0,45.19,17.05,2.84,22.84
2021,Egypt,Africa,913.11,23,411.0,26.77,26.3,27.84,1.74
2017,Tunisia,Africa,931.5,2,931.0,13.54,13.81,14.22,1.0
2017,Netherlands,Europe,143.86,14,57.0,56.61,60.2,61.69,28.51
2023,Portugal,Europe,746.62,16,274.0,32.35,27.42,34.64,19.32
2018,Norway,Europe,394.38,8,142.0,46.26,44.2,48.75,12.92
2019,Greece,Europe,707.5,9,446.0,29.75,30.12,29.34,3.03
2025,Syrian Arab Republic,Asia,1300.5,1,1300.5,14.12,6.1,1.2,6.0
2023,Switzerland,Europe,278.29,17,9.0,59.26,42.39,63.34,32.79
2018,Netherlands,Europe,149.86,14,54.0,56.67,58.65,57.53,27.85
2022,Costa Rica,Latin America,767.88,4,535.0,46.84,47.5,44.92,9.78
2025,Netherlands,Europe,171.79,14,49.0,52.48,46.23,62.86,28.88
2022,New Zealand,Oceania,293.1,10,85.0,40.63,38.05,40.81,21.15
2020,Czech Republic,Europe,864.89,18,291.0,22.77,23.0,22.7,8.66
2020,Austria,Europe,457.26,17,154.0,44.11,40.99,41.31,25.62
2026,Luxembourg,Europe,381.0,1,381.0,39.4,13.2,39.5,52.0
2024,Kazakhstan,Asia,896.36,22,230.0,44.97,15.58,3.05,20.67
2018,Ireland,Europe,364.96,12,88.0,43.55,45.1,41.83,21.4
2019,"Palestinian Territory, Occupied",Asia,900.5,1,900.5,28.4,26.98,32.71,4.63
2020,Australia,Oceania,361.65,42,29.0,45.89,44.51,47.2,20.46
2016,France,Europe,366.33,27,54.0,38.49,38.09,37.49,17.26
2018,Iran,Asia,839.92,13,333.0,21.16,23.45,21.53,0.85
2024,Greece,Europe,1039.66,16,347.0,27.11,19.76,29.48,3.62
2021,Russia,Europe,544.83,32,74.0,33.86,34.45,33.57,12.75
2022,Portugal,Europe,633.96,14,295.0,33.24,32.52,34.07,12.9
2024,Thailand,Asia,1141.31,21,211.0,25.23,21.27,11.38,4.2
2018,Iceland,Europe,336.0,2,241.0,43.54,50.28,41.45,8.0
2025,Bulgaria,Europe,1502.3,5,665.5,30.52,21.82,16.91,19.27
2021,Portugal,Europe,635.68,14,357.0,31.75,34.34,30.73,12.16
2024,Netherlands,Europe,166.43,14,47.0,52.41,45.71,66.7,29.05
2016,Slovenia,Europe,612.5,2,585.0,23.42,23.87,26.08,4.0
2026,Singapore,Asia,262.5,4,8.0,63.12,56.85,73.1,25.51
2020,Philippines,Asia,695.62,4,356.0,35.37,35.28,38.13,833.74
2020,Iran,Asia,934.53,34,380.0,24.82,25.85,24.32,1.38
2025,Slovenia,Europe,951.5,4,596.0,26.66,14.28,12.75,23.0
2019,Czech Republic,Europe,877.93,14,317.0,20.93,20.43,21.93,9.12
2019,Russian Federation,Europe,1067.11,18,528.0,17.35,17.26,17.08,10.39
2026,Brunei Darussalam,Asia,472.5,2,367.0,34.75,25.05,22.6,7.5
2025,Northern Cyprus,Not Classified,673.17,3,612.0,40.87,30.96,31.31,77.0
2020,Kazakhstan,Asia,639.95,10,207.0,41.65,40.6,37.85,2859.77
2017,Finland,Europe,343.9,10,91.0,42.72,41.69,42.44,7.83
2026,Zimbabwe,Other,1637.0,1,1637.0,25.09,24.53,26.49,1.0
2023,Zambia,Other,547.0,1,547.0,41.21,42.27,33.35,1.0
2024,Egypt,Africa,1049.02,31,371.0,31.43,22.92,17.32,4.13
2019,Kazakhstan,Asia,574.15,10,220.0,34.96,34.42,34.95,2860.12
2023,Slovakia,Europe,1068.12,8,664.0,24.9,9.12,8.49,13.21
2025,Saudi Arabia,Asia,749.06,35,101.0,41.47,26.14,24.8,13.12
2018,New Zealand,Oceania,247.72,9,82.0,45.09,46.81,44.84,21.34
2021,South Korea,Asia,580.02,40,37.0,36.1,36.69,35.26,6.14
2016,Italy,Europe,369.12,34,114.0,37.45,36.33,37.4,6.21
2017,Chile,Latin America,649.7,20,147.0,29.51,27.56,30.14,356.35
2017,Portugal,Europe,504.15,10,323.0,30.97,30.64,27.38,11.24
2018,Latvia,Europe,700.5,2,675.5,17.5,17.43,14.86,3.63
2022,Belarus,Europe,723.67,3,295.0,40.67,40.25,39.37,10.16
2022,Botswana,Other,1209.0,1,1209.0,22.22,28.3,26.46,4.0
2024,Ghana,Africa,1100.12,4,737.0,29.68,17.78,26.09,0.5
2016,Taiwan,Asia,578.75,24,167.0,25.8,25.83,25.74,5.96
2017,Ecuador,Latin America,701.0,2,701.0,28.5,26.16,27.47,1.32
2024,Taiwan,Asia,1067.02,49,69.0,28.18,22.92,20.35,8.19
2022,Ukraine,Europe,1104.86,14,515.5,29.59,28.82,30.62,8.6
2020,Bulgaria,Europe,980.75,2,775.5,31.01,29.37,36.83,7.29
2024,Philippines,Asia,755.7,5,404.0,24.82,18.56,2.18,4.92
2021,Lithuania,Europe,724.88,4,423.0,21.01,21.55,18.46,7.91
2019,Brunei,Asia,382.5,2,323.0,29.4,30.98,26.88,18.54
2024,Norway,Europe,527.31,8,117.0,40.27,28.27,39.25,14.17
2017,Iran,Asia,805.12,8,610.0,18.65,17.86,19.17,1.12
2024,Costa Rica,Latin America,1146.4,5,544.0,31.0,17.66,9.87,16.93
2024,Mexico,Americas,1213.51,45,93.0,28.81,15.69,6.69,13.89
2019,Poland,Europe,883.9,20,394.0,23.08,23.16,23.36,699.7
2019,Bulgaria,Europe,1004.25,2,900.5,22.29,19.27,21.07,6.79
2026,Ecuador,Latin America,1591.97,18,680.0,28.46,19.56,14.58,10.65
2021,Indonesia,Asia,860.16,16,254.0,30.74,32.52,30.42,316.3
2018,China,Asia,801.68,31,508.0,22.29,22.67,23.14,3.68
2022,Egypt,Africa,987.34,25,445.0,28.69,29.55,28.82,1.91
2020,Indonesia,Asia,803.29,14,296.0,31.97,33.1,32.04,433.11
2023,Vietnam,Asia,1197.71,7,832.0,29.85,13.41,10.78,3.89
2024,Peru,Latin America,1081.23,11,336.0,34.26,13.54,3.83,14.02
2019,Hong Kong Sar,Asia,167.79,7,25.0,65.39,63.04,62.58,37.15
2024,Bangladesh,Asia,1171.36,17,695.5,25.55,11.71,11.24,9.76
2017,New Zealand,Oceania,256.94,9,81.0,43.24,44.47,42.96,20.59
2019,Switzerland,Europe,208.25,14,7.0,58.89,61.02,57.46,28.21
2020,Iraq,Asia,923.88,4,725.5,28.37,30.02,26.22,1.08
2018,Chile,Latin America,753.41,23,137.0,27.51,26.17,27.54,310.08
2026,Belgium,Europe,374.09,11,60.0,49.61,40.93,51.76,20.19
2026,Nigeria,Africa,1551.42,25,1028.0,26.61,23.48,23.67,1.69
2017,Spain,Europe,513.36,43,160.0,34.32,32.85,34.48,124.15
2024,Algeria,Other,1717.7,23,1161.0,17.54,17.94,17.8,0.7
2026,Iraq,Asia,1516.04,26,745.5,23.95,18.92,13.9,1.06
2021,Bulgaria,Europe,958.75,2,625.5,38.4,33.83,44.08,7.29
2024,Jordan,Asia,942.68,11,498.0,36.33,15.0,9.49,17.73
2016,Belgium,Europe,211.0,7,35.0,50.18,45.84,51.9,19.0
2023,Hungary,Europe,898.5,14,236.0,32.52,16.46,9.78,17.11
2026,Oman,Asia,810.2,5,334.0,47.14,13.42,20.1,15.15
2026,New Zealand,Oceania,249.89,9,65.0,52.15,48.63,56.06,27.93
2019,Morocco,Africa,949.5,5,855.0,21.96,22.54,23.94,2.07
2020,Lebanon,Asia,667.88,8,244.0,41.73,41.32,40.77,10.36
2016,Colombia,Latin America,632.5,2,589.0,22.44,23.38,23.89,1.5
2020,Cuba,Latin America,855.75,2,505.5,40.39,41.26,43.19,2351.93
2017,Estonia,Europe,486.25,2,347.0,29.57,32.31,35.14,7.4
2020,Turkey,Asia,1034.76,37,413.0,23.24,24.15,23.77,3.78
2026,Bangladesh,Asia,1222.88,24,584.0,27.07,19.73,18.03,4.42
2018,Malaysia,Asia,494.15,13,114.0,36.21,33.66,35.83,91.37
2020,Malaysia,Asia,616.31,24,70.0,38.35,38.8,38.29,52.07
2017,Saudi Arabia,Asia,474.83,10,189.0,34.12,34.67,32.21,209.07
2017,United Arab Emirates,Asia,532.93,7,405.5,31.69,31.7,32.49,8.71
2024,Czech Republic,Europe,983.5,22,248.0,30.48,15.18,12.76,15.8
2024,Tunisia,Africa,1255.17,12,968.0,31.19,19.42,16.96,8.33
2024,Brazil,Latin America,1304.57,84,85.0,24.86,20.82,16.66,7.67
2024,Panama,Americas,1138.0,2,975.5,40.25,7.65,1.1,24.31
2017,Japan,Asia,636.46,73,34.0,26.91,26.46,26.67,49.14
2026,Sweden,Europe,329.54,13,55.0,55.66,52.01,53.18,14.92
2021,Northern Cyprus,Not Classified,975.0,1,975.0,25.76,30.63,24.83,81.0
2017,Sweden,Europe,200.67,14,28.0,44.33,43.57,46.0,19.96
2019,South Africa,Africa,630.92,13,200.0,32.21,31.41,32.55,130.27
2020,Belarus,Europe,625.75,2,351.0,33.25,30.36,32.3,12.98
2023,Egypt,Africa,981.14,29,418.0,31.27,22.21,17.52,4.22
2021,Latvia,Europe,981.38,4,725.5,27.75,25.24,27.1,2.33
2022,Finland,Europe,393.0,11,104.0,40.6,39.46,38.52,7.81
2021,Kazakhstan,Asia,702.58,13,165.0,40.31,38.87,40.28,2088.82
2023,Lithuania,Europe,820.0,6,401.0,27.79,15.67,10.24,14.39
2022,Chile,Latin America,1053.97,36,135.0,31.4,31.29,30.89,198.9
2026,Denmark,Europe,237.83,6,101.0,56.19,49.09,65.69,18.0
2026,Kyrgyzstan,Asia,1120.5,5,925.5,48.86,14.64,1.7,24.83
2025,Israel,Asia,592.64,11,209.0,38.69,30.58,42.07,11.67
2025,Philippines,Asia,992.67,7,336.0,20.71,19.31,7.44,4.43
2026,South Africa,Africa,773.03,16,150.0,39.99,26.92,35.4,8.78
2023,Lebanon,Asia,685.56,9,252.0,47.54,12.74,6.7,21.04
2023,South Africa,Africa,790.29,17,238.0,33.23,24.52,29.01,7.38
2023,Nigeria,Africa,1192.33,12,478.0,25.42,25.61,24.08,0.25
2022,Sri Lanka,Asia,1100.5,2,1100.5,36.09,30.31,35.72,0.56
2026,Philippines,Asia,1052.0,8,362.0,26.66,27.65,8.13,6.39
2018,United Arab Emirates,Asia,531.07,7,330.0,32.69,36.3,34.15,9.77
2017,Israel,Asia,361.11,10,148.0,36.54,40.97,38.8,412.94
2019,Lithuania,Europe,687.38,4,488.0,29.51,27.68,23.14,8.53
2025,Cuba,Americas,1118.38,5,695.5,37.17,11.75,6.47,14.76
2026,Serbia,Europe,1033.0,2,765.5,29.29,18.05,8.5,6.0
2024,Uganda,Africa,975.5,1,975.5,33.31,10.2,4.6,3.0
2020,Panama,Latin America,900.5,1,900.5,35.5,41.4,36.92,4864.53
2016,China,Asia,546.14,37,42.0,28.38,28.63,29.02,4.57
2024,Belgium,Europe,321.5,13,61.0,45.81,36.98,46.52,19.91
2019,Norway,Europe,339.43,8,135.0,43.38,43.33,46.74,13.1
2016,Japan,Asia,581.46,41,43.0,26.22,26.88,26.63,5.34
2025,New Zealand,Oceania,277.5,10,65.0,44.48,41.11,48.34,26.78
2026,Venezuela,Latin America,2040.5,2,1977.0,16.82,12.25,14.6,1.0
2016,Austria,Europe,319.0,7,144.0,40.78,41.95,44.68,22.43
2019,Belgium,Europe,257.29,12,81.0,47.26,46.15,45.04,19.7
2024,Israel,Asia,564.41,11,215.0,36.36,28.69,42.99,11.57
2024,South Africa,Africa,664.6,15,173.0,40.16,22.2,26.86,9.74
2021,Romania,Europe,1160.0,17,764.0,21.97,23.01,21.93,8.19
2016,South Africa,Africa,418.67,6,122.0,35.56,37.58,36.46,9.67
2016,Saudi Arabia,Asia,459.33,3,278.0,31.89,32.15,31.92,15.33
2021,Panama,Latin America,950.75,2,900.5,37.7,36.24,34.95,2433.67
2022,Algeria,Other,1394.0,11,518.0,18.87,19.04,17.95,0.91
2020,Uruguay,Latin America,695.75,2,491.0,29.9,27.37,29.89,3.25
2021,Norway,Europe,361.14,8,113.0,43.4,44.76,41.72,13.14
2019,Costa Rica,Latin America,756.2,5,505.5,36.89,36.25,37.12,8.87
2021,Lebanon,Asia,631.94,9,220.0,44.6,44.91,44.8,9.16
2026,Czechia,Europe,1055.02,25,265.0,34.36,21.19,18.6,18.35
2026,Jordan,Asia,943.43,23,324.0,38.94,22.8,17.82,20.04
2025,Uganda,Africa,925.5,1,925.5,27.41,11.0,4.5,2.0
2018,Poland,Europe,847.21,17,415.5,19.6,19.74,19.77,332.45
2021,Belgium,Europe,284.04,12,84.0,45.01,46.46,44.65,19.04
2019,Iraq,Asia,800.5,4,675.5,30.18,29.25,33.56,1.1
2019,Turkey,Asia,884.3,27,395.0,24.52,24.28,24.44,4.08
2018,Pakistan,Asia,876.07,15,435.5,22.45,22.76,24.1,676.6
2023,Venezuela,Americas,1129.5,8,729.0,38.3,14.1,3.29,17.69
2022,Kuwait,Asia,925.5,3,775.5,42.56,48.38,46.4,13.7
2022,Colombia,Latin America,965.52,28,236.0,33.83,32.94,34.73,199.74
2019,Finland,Europe,378.05,10,110.0,40.04,40.32,41.14,7.85
2020,Morocco,Africa,1090.4,5,796.0,20.19,19.24,21.7,2.4
2023,Bahrain,Asia,724.0,3,564.0,59.73,11.4,1.9,27.8
2025,Uruguay,Americas,803.0,4,665.5,61.65,17.35,1.25,24.71
2026,Croatia,Europe,1102.17,3,705.5,27.66,12.7,8.53,4.0
2022,Morocco,Africa,1239.71,7,918.0,22.34,24.53,24.01,2.29
2021,Peru,Latin America,887.38,8,432.0,33.36,32.94,35.05,4.93
2024,Hungary,Europe,933.96,13,299.0,33.28,15.81,10.82,16.77
2021,Jordan,Asia,789.67,9,403.0,36.92,35.82,39.22,12.14
2020,Belgium,Europe,263.71,12,80.0,47.45,49.01,45.4,19.48
2018,Venezuela,Latin America,863.19,8,675.5,23.93,26.32,26.08,236.91
2021,Saudi Arabia,Asia,616.14,15,143.0,33.99,33.78,35.19,12.53
2021,United Arab Emirates,Asia,533.81,8,211.0,41.72,41.18,42.51,4.99
2022,Malaysia,Asia,710.36,28,65.0,37.12,37.92,36.3,45.78
2020,Netherlands,Europe,159.79,14,50.0,51.68,51.3,51.82,26.07
2022,Ireland,Europe,385.32,11,101.0,41.92,40.83,42.34,19.58
2021,Hong Kong Sar,Asia,150.64,7,22.0,68.61,66.39,64.01,39.65
2019,Panama,Latin America,900.5,1,900.5,28.4,32.94,30.5,4864.53
2026,Lithuania,Europe,819.83,6,446.0,34.74,18.72,13.46,20.17
2026,Vietnam,Asia,1299.0,6,598.0,30.61,32.51,27.83,0.33
2022,Nigeria,Africa,1009.0,6,485.0,27.86,27.4,28.56,0.33
2026,Slovenia,Europe,920.75,4,535.0,30.07,20.04,16.91,26.75
2021,Bangladesh,Asia,900.5,2,900.5,20.01,20.15,19.84,0.11
2021,Argentina,Latin America,818.21,24,66.0,36.63,36.8,35.3,61.01
2020,Argentina,Latin America,758.42,19,74.0,35.45,33.07,35.75,74.74
2018,Turkey,Asia,787.5,27,360.0,24.98,25.34,25.46,3.59
2018,Jordan,Asia,736.6,5,482.0,31.51,33.42,32.49,13.24
2024,Singapore,Asia,252.0,4,8.0,56.25,52.3,68.28,24.83
2023,Greece,Europe,987.44,16,422.0,29.19,22.43,29.01,3.62
2019,Netherlands,Europe,153.0,14,52.0,52.42,51.3,52.41,27.4
2016,New Zealand,Oceania,389.71,7,172.0,36.6,33.46,36.33,24.0
2020,Thailand,Asia,941.33,18,247.0,21.59,22.01,22.19,2.32
2023,Ghana,Africa,978.33,3,368.0,31.76,26.89,22.63,0.67
2021,Bahrain,Asia,788.0,2,675.5,48.35,50.72,53.61,17.68
2017,Romania,Europe,711.0,6,683.0,22.01,22.55,22.5,4.22
2017,Switzerland,Europe,166.85,13,8.0,61.29,58.94,62.4,29.74
2017,Azerbaijan,Asia,701.0,3,701.0,28.5,28.83,24.07,5.89
2022,Greece,Europe,821.42,13,391.0,31.91,30.79,33.66,3.03
2021,Puerto Rico,Latin America,975.5,2,950.0,30.33,31.58,28.32,0.96
2019,Nigeria,Africa,914.67,3,737.0,22.41,24.8,22.34,0.67
2018,Ukraine,Europe,816.6,10,405.5,25.2,26.78,27.84,9.25
2022,Bahrain,Asia,748.0,2,595.5,55.0,61.0,49.44,17.68
2025,Bangladesh,Asia,1166.35,24,554.0,27.16,18.17,14.56,6.28
2021,Malta,Europe,900.5,1,900.5,31.4,33.62,39.41,8.06
2019,Ecuador,Latin America,842.17,3,725.5,33.03,30.76,34.57,1.2
2017,Hong Kong Sar,Asia,168.07,7,27.0,65.17,68.85,64.22,36.55
2018,Greece,Europe,638.38,8,405.5,35.78,36.35,34.88,3.21
2018,Hong Kong,Asia,93.67,3,40.0,65.74,61.44,76.95,32.67
2025,Thailand,Asia,1238.39,22,229.0,26.94,22.8,11.85,4.53
2023,Belgium,Europe,345.54,13,76.0,46.51,36.4,44.73,19.81
2016,India,Asia,578.88,17,281.0,25.53,25.27,24.91,1.41
2020,United Arab Emirates,Asia,534.28,9,268.0,41.26,46.1,39.31,7.43
2021,Austria,Europe,421.91,17,150.0,45.14,46.82,43.64,25.97
2025,Latvia,Europe,1174.5,5,725.5,32.36,14.42,9.93,18.65
2017,Russian Federation,Europe,787.1,10,389.0,19.8,21.27,20.49,8.9
2022,Puerto Rico,Latin America,1072.25,2,1044.0,29.99,31.65,27.3,0.46
2022,Philippines,Asia,706.38,4,399.0,38.81,36.49,37.71,833.87
2026,Norway,Europe,499.0,8,119.0,47.57,35.7,35.97,14.35
2022,Sweden,Europe,272.69,13,39.0,48.95,50.27,47.91,17.71
2021,South Africa,Africa,638.25,14,207.0,35.52,36.4,36.46,120.79
2017,Hungary,Europe,639.31,8,507.0,25.09,23.74,27.62,7.96
2023,Singapore,Asia,200.33,3,11.0,83.13,67.03,70.03,25.17
2018,Hungary,Europe,689.88,8,493.0,25.07,26.83,28.21,9.21
2022,Belgium,Europe,333.81,13,70.0,44.84,45.46,43.35,18.33
2016,Poland,Europe,681.14,7,507.0,20.2,19.84,21.72,2.57
2016,Hong Kong,Asia,176.67,6,44.0,53.88,55.93,56.06,29.17
2019,United Arab Emirates,Asia,549.61,9,313.0,37.11,35.57,33.71,8.02
2019,Indonesia,Asia,740.5,12,292.0,29.57,29.94,29.82,504.3
2016,Ireland,Europe,360.67,9,101.0,38.69,40.08,36.57,22.89
2020,"Iran, Islamic Republic Of",Asia,658.0,6,407.0,28.69,28.34,29.78,1.5
2021,Israel,Asia,518.5,11,177.0,32.81,34.1,32.26,377.95
2021,Finland,Europe,386.55,10,104.0,37.9,38.71,36.44,8.3
2022,Romania,Europe,1267.76,23,558.0,22.22,22.89,21.69,7.75
2017,Kenya,Africa,701.0,1,701.0,17.43,17.1,18.14,1.0
2026,Bahrain,Asia,719.5,4,464.0,42.45,25.37,16.99,31.86
2025,Qatar,Asia,152.5,2,122.0,52.0,21.35,74.1,27.09
2017,Uruguay,Latin America,663.25,2,625.5,32.35,34.43,35.12,3.25
2016,Spain,Europe,506.48,25,148.0,29.76,29.35,29.9,9.32
2021,Brunei,Asia,302.0,2,254.0,34.15,31.86,35.68,17.51
2025,Czech Republic,Europe,965.33,21,246.0,32.98,15.72,13.56,18.64
2024,Iraq,Asia,1391.65,13,975.5,20.83,13.82,13.7,0.08
2026,Morocco,Africa,1339.43,14,400.0,31.62,29.53,27.44,4.92
2026,Switzerland,Europe,428.7,15,7.0,55.11,43.78,56.61,32.76
2026,Iceland,Europe,720.5,2,582.0,33.32,22.71,29.2,9.5
2019,Estonia,Europe,615.67,3,321.0,29.11,31.03,27.85,9.86
2024,New Zealand,Oceania,268.4,10,68.0,43.76,38.2,45.75,26.03
2026,United Arab Emirates,Asia,460.42,13,177.0,41.0,26.87,33.99,36.58
2016,Malaysia,Asia,663.2,5,484.0,21.05,23.08,21.57,10.0
2017,Cuba,Latin America,701.0,1,701.0,28.5,37.56,32.91,4696.87
2024,United Arab Emirates,Asia,505.17,12,230.0,40.9,18.91,15.37,31.09
2025,Slovakia,Europe,1159.2,10,665.5,37.72,13.26,13.23,19.11
2017,Bulgaria,Europe,782.25,2,675.5,23.26,23.35,20.64,6.29
2025,Peru,Americas,1317.54,13,359.0,31.98,14.64,4.97,13.74
2021,Sweden,Europe,275.46,15,36.0,41.02,40.55,41.57,17.9
2019,Ireland,Europe,400.12,12,104.0,41.57,40.25,40.14,21.2
2026,Iran (Islamic Republic Of),Asia,693.23,11,322.0,35.56,12.14,70.15,7.0
2023,Uruguay,Latin America,615.5,4,452.0,41.6,15.52,1.32,27.96
2023,Latvia,Europe,1029.4,5,661.0,32.03,15.11,11.65,17.84
2025,Denmark,Europe,261.83,6,100.0,47.44,41.6,52.58,17.17
2022,Latvia,Europe,981.7,5,577.0,31.49,27.4,34.15,7.86
2021,Greece,Europe,785.15,10,477.0,31.13,31.31,29.89,3.06
2023,Norway,Europe,421.12,8,101.0,39.94,36.07,38.13,15.25
2022,"Palestinian Territory, Occupied",Asia,1134.0,3,1100.5,34.57,37.75,38.86,6.21
2025,Ghana,Africa,1157.5,4,875.5,30.54,18.87,16.09,0.5
2023,Tunisia,Africa,1304.64,11,797.0,25.03,17.24,15.19,6.79
2024,Ireland,Europe,380.3,10,81.0,43.12,34.43,29.07,24.34
2020,Poland,Europe,918.61,23,338.0,26.38,25.6,26.04,609.34
2022,Cuba,Latin America,905.12,4,505.5,47.11,51.07,46.82,1562.44
2020,Colombia,Latin America,773.5,20,234.0,31.5,33.05,30.39,277.93
2026,Kenya,Africa,1454.75,2,1100.5,23.89,16.97,13.61,3.5
2023,Algeria,Other,1497.0,13,439.0,18.86,20.05,18.67,0.92
2025,Georgia,Asia,1029.0,3,795.5,21.27,13.66,25.25,3.33
2026,Netherlands,Europe,159.0,14,47.0,62.53,55.29,72.84,31.25
2019,Romania,Europe,952.35,10,808.0,21.69,22.92,22.62,9.35
2025,Serbia,Europe,1109.25,4,735.5,31.8,8.73,3.75,8.98
2017,Qatar,Asia,393.0,1,393.0,30.6,31.4,32.01,26.99
2021,Iraq,Asia,994.0,6,900.5,27.31,28.92,27.6,0.73
2024,Venezuela,Americas,1096.0,8,582.0,37.5,14.45,3.56,21.97
2021,Tunisia,Africa,1254.33,6,1174.0,18.58,17.49,19.28,1.17
2025,Jamaica,Other,1489.0,1,1489.0,25.37,22.62,27.66,1.0
2020,New Zealand,Oceania,247.89,9,83.0,41.73,43.25,43.02,21.36
2019,Denmark,Europe,269.29,7,79.0,49.98,47.58,50.56,13.68
2020,Venezuela,Latin America,994.0,7,725.5,30.56,28.26,27.95,271.77
2025,Croatia,Europe,1139.25,4,655.5,29.85,8.25,3.92,8.65
2018,Nigeria,Africa,960.0,1,960.0,16.82,18.82,15.25,1.0
2020,Iceland,Europe,351.0,2,334.0,44.59,42.56,41.63,10.0
2016,Slovakia,Europe,682.5,2,680.0,20.13,21.87,21.12,6.0
2018,Cuba,Latin America,625.5,1,625.5,43.3,42.42,37.88,4696.87
2019,Malaysia,Asia,565.75,18,87.0,36.65,37.86,35.4,67.55
2019,Luxembourg,Europe,205.0,1,205.0,52.89,49.84,65.68,57.0
2023,New Zealand,Oceania,314.7,10,87.0,39.63,37.57,39.72,29.73
2022,Hong Kong Sar,Asia,155.21,7,22.0,70.4,74.48,73.02,40.91
2019,Uruguay,Latin America,718.0,2,535.5,42.9,46.11,49.09,3.25
2022,United Arab Emirates,Asia,558.25,10,183.0,48.39,50.6,53.26,6.99
2022,Switzerland,Europe,230.66,16,8.0,58.32,59.67,60.82,31.2
2026,Hungary,Europe,969.17,15,273.0,34.42,22.44,17.56,17.81
2024,Denmark,Europe,290.71,7,107.0,46.24,43.21,45.9,16.29
2016,Turkey,Asia,574.45,11,271.0,25.91,25.56,27.41,4.64
2022,Tunisia,Africa,1211.94,9,725.5,25.96,27.17,26.48,206.01
2020,Serbia,Europe,900.5,1,900.5,35.5,33.94,30.85,4.7
2018,Serbia,Europe,900.5,1,900.5,18.4,16.66,17.75,4.7
2016,Portugal,Europe,463.14,7,382.0,31.79,31.99,32.04,9.14
2022,Slovakia,Europe,987.88,8,625.5,24.1,24.11,23.79,4.34
2018,Azerbaijan,Asia,813.0,2,725.5,26.3,25.54,30.79,8.02
2020,Denmark,Europe,387.14,7,81.0,50.25,51.56,47.27,14.26
2026,Kuwait,Asia,758.0,3,563.0,39.26,20.9,8.33,18.36
2026,Ghana,Africa,1201.25,4,875.5,31.52,19.71,18.72,0.5
2026,Uzbekistan,Asia,1028.17,9,469.0,41.41,26.27,8.55,13.51
2016,Belarus,Europe,781.0,1,781.0,14.78,14.54,14.37,6.0
2025,Jordan,Asia,919.94,16,368.0,35.81,22.3,14.47,21.03
2022,Ecuador,Latin America,1223.95,10,775.5,23.79,25.6,25.86,3.3
2018,Uganda,Africa,900.5,1,900.5,36.81,37.86,37.36,7.34
2020,Hungary,Europe,749.22,9,457.0,28.8,29.03,28.05,9.97
2018,Czech Republic,Europe,803.5,14,314.0,20.71,18.95,20.33,8.67
2017,Luxembourg,Europe,179.0,1,179.0,52.16,37.2,35.75,55.0
2022,Uganda,Africa,1100.5,1,1100.5,32.21,38.14,24.78,8.39
2023,"Palestinian Territory, Occupied",Asia,1079.67,3,1010.0,39.48,4.37,2.1,20.19
2016,Canada,North America,289.76,25,19.0,45.13,44.11,45.58,15.08
2020,Norway,Europe,425.75,8,119.0,44.05,44.58,40.54,12.33
2022,Norway,Europe,380.75,8,102.0,40.71,39.59,42.1,10.29
2018,South Africa,Africa,586.83,12,191.0,32.23,35.18,35.11,141.39
2022,Serbia,Europe,1125.62,4,1100.5,30.66,32.41,35.36,3.35
2016,Czech Republic,Europe,574.33,9,344.0,25.84,26.53,27.51,9.44
2020,Ukraine,Europe,888.75,10,491.0,25.32,27.02,26.73,9.95
2020,Montenegro,Other,1276.0,1,1276.0,15.4,11.64,12.5,2.0
2017,Malaysia,Asia,512.73,11,133.0,32.23,31.0,33.81,105.58
2024,Oman,Asia,454.0,1,454.0,25.2,16.7,18.4,4.0
2024,Bolivia,Latin America,1300.5,3,1300.5,11.23,6.0,1.27,15.31
2020,Bangladesh,Asia,900.5,2,900.5,25.92,25.22,31.34,0.16
2021,New Zealand,Oceania,278.2,10,81.0,40.6,36.78,40.73,21.15
2023,Cyprus,Europe,578.67,3,473.0,33.96,32.69,47.21,27.0
2023,"Iran, Islamic Republic Of",Asia,623.67,6,380.0,32.58,10.28,70.43,1.5
2021,Thailand,Asia,1000.37,19,208.0,22.55,22.26,23.59,2.13
2021,Croatia,Europe,934.0,3,900.5,30.64,31.57,29.06,1.33
2026,Azerbaijan,Asia,963.0,9,688.0,38.93,17.37,1.61,18.11
2025,Uzbekistan,Asia,968.7,5,547.0,36.09,29.45,20.16,11.88
2022,Saudi Arabia,Asia,666.45,22,109.0,38.64,39.11,39.5,124.49
2025,Sri Lanka,Asia,1552.92,6,975.5,22.11,14.38,10.06,0.67
2021,Uganda,Africa,1001.0,1,1001.0,40.11,52.0,40.94,8.84
2024,Croatia,Europe,1164.25,4,755.5,28.08,8.07,3.82,8.48
2024,Kuwait,Asia,808.83,3,675.5,49.97,14.0,3.27,19.22
2020,Costa Rica,Latin America,732.88,4,515.5,42.23,39.79,41.79,9.66
2018,Romania,Europe,861.0,7,725.5,18.89,18.13,19.32,7.77
2016,Lithuania,Europe,651.0,1,651.0,21.48,23.37,21.43,4.0
2023,Austria,Europe,448.94,17,151.0,43.36,33.64,33.25,28.4
2023,Oman,Asia,385.0,1,385.0,29.3,15.0,14.3,4.0
2022,Uruguay,Latin America,654.0,4,469.0,37.35,39.49,38.35,2.44
2019,Georgia,Asia,1229.0,1,1229.0,12.34,11.98,13.69,2.0
2021,Cuba,Latin America,799.17,3,498.0,35.16,34.69,34.18,2081.91
2021,Iceland,Europe,365.5,2,324.0,44.98,65.22,43.89,10.5
2018,Bulgaria,Europe,870.75,2,725.5,24.56,22.74,20.83,6.29
2021,Slovakia,Europe,1010.0,7,675.5,22.95,21.89,22.78,3.06
2017,Lebanon,Asia,466.33,3,228.0,41.3,45.05,43.13,11.1
2025,Lebanon,Asia,723.86,7,250.0,44.93,18.77,9.17,18.3
2017,Jordan,Asia,731.2,5,575.5,25.87,27.1,24.7,13.24
2024,Mauritius,Other,1270.0,1,1270.0,26.94,25.1,30.35,1.0
2026,Zambia,Other,1781.0,1,1781.0,22.65,20.0,21.63,5.0
2017,Norway,Europe,285.86,8,113.0,46.41,45.27,47.05,12.18
2023,Botswana,Other,1116.0,1,1116.0,26.7,21.71,20.47,4.0
2016,Denmark,Europe,193.33,6,82.0,49.94,50.25,55.77,16.83
2017,Bahrain,Asia,583.25,2,465.5,40.5,40.34,28.91,46.01
2026,Cuba,Americas,1229.0,3,825.5,43.03,17.19,9.33,19.81
2023,Ireland,Europe,397.09,11,98.0,42.42,36.98,31.73,25.61
2020,Greece,Europe,743.45,10,454.0,30.28,26.79,31.73,3.18
2018,Slovakia,Europe,852.83,3,725.5,19.62,20.56,17.99,1.67
2026,South Korea,Asia,939.71,7,71.0,41.4,41.43,43.8,9.14
2019,New Zealand,Oceania,256.33,9,85.0,41.02,44.78,36.46,21.29
2022,Brunei,Asia,297.0,2,250.0,35.15,33.94,29.74,18.61
2025,Tunisia,Africa,1264.92,12,775.5,35.36,19.6,19.27,10.51
2026,Nepal,Other,1673.0,1,1673.0,24.44,19.3,23.21,0.0
2016,Norway,Europe,268.5,4,137.0,44.66,38.69,45.04,12.25
2025,Iceland,Europe,707.5,2,547.0,29.77,22.64,26.27,9.0
2021,Sri Lanka,Asia,1001.0,2,1001.0,32.67,32.82,35.28,0.56
2017,Czech Republic,Europe,730.92,13,302.0,19.79,20.16,18.45,8.32
2022,Bulgaria,Europe,1207.17,3,595.5,31.92,31.71,36.24,7.52
2025,Lithuania,Europe,809.5,6,439.0,32.02,15.02,10.38,15.49
2021,Kenya,Africa,1001.0,1,1001.0,31.45,39.15,37.68,0.0
2018,"Iran, Islamic Republic Of",Asia,620.5,5,475.5,27.25,29.79,26.98,1.51
2020,Oman,Asia,379.0,1,379.0,28.9,29.15,25.91,3.63
2021,Switzerland,Europe,222.97,16,6.0,57.5,58.29,58.72,31.59
2019,Iceland,Europe,311.0,2,296.0,45.91,45.36,49.91,9.0
2023,Israel,Asia,612.91,11,223.0,34.62,27.26,45.2,11.6
2023,Tanzania,Other,1032.5,2,463.0,29.78,27.75,28.48,1.5
2019,"Iran, Islamic Republic Of",Asia,680.33,6,432.0,26.12,24.63,27.76,1.47
2026,Peru,Americas,1437.58,14,345.0,23.27,18.84,8.9,7.77
2024,Sudan,Africa,1300.5,2,1300.5,16.35,5.15,1.85,14.69
2018,Kazakhstan,Asia,532.5,8,236.0,42.96,41.2,45.07,1158.35
2026,Bosnia And Herzegovina,Europe,1300.5,1,1300.5,20.14,5.0,2.9,3.0
2020,Croatia,Europe,767.25,2,759.0,24.88,28.98,23.51,1.48
2026,Ethiopia,Africa,875.5,1,875.5,60.0,7.8,2.5,25.88
2023,Bulgaria,Europe,1251.67,3,572.0,33.63,15.31,10.43,15.53
2018,Costa Rica,Latin America,757.67,3,415.5,32.53,33.74,37.27,9.28
2023,Serbia,Europe,1327.75,4,1160.0,28.75,8.38,3.92,7.92
2020,Tunisia,Africa,1140.17,6,1054.0,18.68,20.33,18.56,1.0
2019,Pakistan,Asia,881.75,14,397.0,24.39,23.71,23.99,360.23
2017,Iraq,Asia,663.25,2,625.5,32.35,29.72,27.23,71.77
2026,Guatemala,Americas,1300.5,1,1300.5,40.6,6.5,1.4,28.46
2026,Armenia,Asia,1100.5,1,1100.5,17.86,8.7,1.9,3.0
2020,Estonia,Europe,609.0,3,301.0,27.77,33.1,28.01,9.05
2017,Croatia,Europe,675.5,1,675.5,17.75,15.85,17.79,0.97
2018,Switzerland,Europe,197.68,14,10.0,60.69,57.73,61.15,28.06
2018,Russian Federation,Europe,886.55,11,322.0,19.55,18.9,17.27,9.73
2025,Hungary,Europe,900.23,13,274.0,32.91,17.1,12.25,17.65
2020,Hong Kong,Asia,87.67,3,35.0,67.15,67.21,64.76,33.67
2017,Ireland,Europe,365.38,12,98.0,41.62,40.52,40.76,20.75
2016,Greece,Europe,540.29,7,356.0,27.47,25.44,29.96,6.29
2022,Northern Cyprus,Not Classified,728.5,2,584.0,34.53,35.54,34.34,82.0
2022,Estonia,Europe,755.25,4,300.0,30.87,32.94,34.39,12.18
2021,Belarus,Europe,739.5,3,317.0,36.13,34.78,35.37,10.21
2023,Cuba,Latin America,962.0,5,468.0,37.41,12.68,3.78,15.93
2016,Israel,Asia,370.0,6,178.0,37.65,38.34,39.51,3.5
2020,Northern Cyprus,Not Classified,908.0,1,908.0,25.14,26.59,18.71,83.0
2019,Serbia,Europe,900.5,1,900.5,24.13,28.24,21.19,4.62
2026,Panama,Americas,1300.5,2,1300.5,20.8,9.0,1.2,22.5
2024,Dominican Republic,Americas,1200.5,2,1100.5,36.95,3.15,1.3,25.29
2022,Nepal,Other,855.0,1,855.0,30.72,36.14,40.18,0.0
2024,Nepal,Other,1401.0,1,1401.0,24.7,27.46,28.21,0.0
2025,Azerbaijan,Asia,1058.83,3,975.5,26.85,11.07,1.23,9.8
2024,Iceland,Europe,978.25,2,656.0,42.76,23.95,47.36,11.0
2025,South Africa,Africa,798.44,17,171.0,35.61,23.17,27.02,8.29
2023,Guatemala,Americas,1322.0,1,1322.0,26.5,7.6,1.0,30.66
2016,Pakistan,Asia,601.5,2,564.0,23.96,21.71,19.26,1.5
2021,"Palestinian Territory, Occupied",Asia,1001.0,2,1001.0,34.4,33.45,31.57,8.21
2025,Kuwait,Asia,772.17,3,615.5,44.7,17.47,3.8,16.91
2025,Zambia,Other,1747.0,1,1747.0,21.09,18.08,25.81,2.0
2023,Slovenia,Europe,934.0,3,645.0,24.78,9.8,8.17,11.0
2020,Hong Kong Sar,Asia,157.5,7,25.0,67.16,66.75,68.12,39.02
2018,Austria,Europe,418.46,14,154.0,43.07,41.32,43.54,24.14
2023,Macau Sar,Asia,444.5,2,305.0,43.61,6.45,63.65,65.0
2021,Azerbaijan,Asia,1001.0,2,1001.0,34.4,36.37,30.65,1.83
2022,Ghana,Africa,867.17,3,346.0,31.23,32.5,30.19,0.79
2019,Israel,Asia,390.67,10,154.0,35.68,38.57,36.82,412.76
2017,"Iran, Islamic Republic Of",Asia,546.6,5,435.5,24.64,25.46,25.24,1.54
2017,Pakistan,Asia,732.95,11,525.5,23.95,25.76,24.9,922.47
2019,Lebanon,Asia,526.7,5,237.0,38.84,36.92,40.21,12.66
2021,Estonia,Europe,620.33,3,285.0,28.56,26.17,25.65,11.44
2024,Bulgaria,Europe,1278.88,4,745.5,32.81,20.43,16.58,22.58
2026,Mauritius,Other,1344.0,1,1344.0,29.56,39.67,27.44,7.0
2021,Ghana,Africa,1001.0,1,1001.0,23.8,21.58,26.11,1.52
2025,Ethiopia,Africa,1052.25,2,775.5,45.61,17.4,13.58,14.56
2020,Portugal,Europe,658.37,15,338.0,29.99,30.61,30.33,10.28
2016,Luxembourg,Europe,193.0,1,193.0,49.4,52.88,52.12,52.0
2025,"Palestinian Territory, Occupied",Asia,1092.17,3,875.5,41.47,7.03,2.27,21.9
2025,Oman,Asia,731.25,2,362.0,39.55,11.5,15.45,15.37
2024,Hong Kong,Asia,58.67,3,35.0,74.65,76.75,74.92,32.67
2020,Luxembourg,Europe,203.0,1,203.0,53.67,50.3,53.8,49.0
2018,Uruguay,Latin America,625.5,2,525.5,43.3,57.98,43.74,3.25
2024,Azerbaijan,Asia,1167.17,3,1100.5,29.97,8.2,1.23,12.54
2024,Montenegro,Other,1693.0,1,1693.0,18.78,17.95,23.78,2.0
2024,Kenya,Africa,1200.5,2,1100.5,28.29,8.35,1.5,8.69
2016,Morocco,Africa,784.0,1,784.0,14.67,13.34,15.34,1.0
2023,Dominican Republic,Americas,1052.5,2,842.0,41.5,4.15,1.15,24.72
2016,Ghana,Africa,679.0,1,679.0,20.17,17.47,17.87,2.0
2022,Venezuela,Latin America,1004.58,6,725.5,40.64,40.1,30.52,317.85
2022,Peru,Latin America,971.0,9,395.0,29.32,28.35,28.02,125.99
2022,Ethiopia,Africa,450.0,1,450.0,42.36,44.24,45.7,0.0
2026,Montenegro,Other,1910.0,1,1910.0,19.65,22.27,18.49,2.0
2019,Peru,Latin America,789.88,4,555.5,28.98,27.07,31.44,7.42
2019,Bahrain,Asia,900.5,1,900.5,28.4,28.11,26.57,17.94
2026,Palestine,Asia,1169.25,4,975.5,35.09,11.38,3.92,22.29
2018,Iraq,Asia,575.5,2,525.5,47.85,45.16,55.73,71.77
2026,Israel,Asia,610.8,10,223.0,38.9,30.0,49.3,10.72
2022,Singapore,Asia,179.5,3,11.0,84.57,92.72,76.73,16.4
2021,Nigeria,Africa,858.67,6,503.0,29.49,27.49,29.88,0.33
2024,Syrian Arab Republic,Asia,1300.5,1,1300.5,31.7,5.1,1.2,20.37
2023,Hong Kong Sar,Asia,160.14,7,21.0,70.27,59.2,69.47,39.36
2020,Peru,Latin America,849.2,5,474.0,30.22,27.81,32.97,2.24
2025,Montenegro,Other,1830.0,1,1830.0,19.38,22.43,21.93,2.0
2017,Ghana,Africa,701.0,1,701.0,22.67,22.12,23.68,1.6
2018,Sri Lanka,Asia,775.5,1,775.5,16.62,13.41,15.04,0.47
2021,Kuwait,Asia,900.5,3,900.5,35.52,36.11,33.85,13.73
2023,Estonia,Europe,707.67,3,300.0,31.92,15.67,10.87,15.33
2026,Yemen,Other,1097.0,1,1097.0,33.78,37.28,37.49,1.0
2019,Tunisia,Africa,1019.0,3,949.0,18.46,14.81,17.56,1.0
2020,Vietnam,Asia,968.6,5,725.5,28.29,26.4,26.33,1.14
2021,Costa Rica,Latin America,738.38,4,575.5,45.38,43.26,47.61,7.84
2025,Macau Sar,Asia,354.5,2,245.0,33.5,8.15,77.75,69.5
2019,Cuba,Latin America,515.5,1,515.5,59.0,67.17,67.41,4696.87
2024,Honduras,Latin America,709.36,1,101.0,1.0,4.1,1.0,2.79
2018,Brunei,Asia,349.0,1,349.0,33.8,27.51,28.56,22.28
2024,Lithuania,Europe,836.67,6,473.0,29.79,13.58,9.65,14.93
2019,Sri Lanka,Asia,900.5,1,900.5,16.82,12.08,17.71,0.36
2018,Lebanon,Asia,452.0,3,235.0,47.13,48.61,43.65,10.91
2024,Lebanon,Asia,727.44,9,226.0,45.95,14.26,6.95,21.87
2024,Belarus,Europe,837.67,3,387.0,38.87,15.7,1.2,25.22
2019,Puerto Rico,Latin America,900.5,1,900.5,28.4,25.83,24.17,0.93
2019,Bangladesh,Asia,900.5,2,900.5,28.4,30.6,28.3,70.63
2022,Tanzania,Other,1496.0,1,1496.0,16.46,17.76,19.83,0.0
2017,Kuwait,Asia,701.0,1,701.0,22.72,26.73,16.95,14.01
2025,Kyrgyzstan,Asia,1033.83,3,875.5,50.6,13.0,1.23,22.62
2026,"Hong Kong Sar, China",Asia,274.33,9,11.0,71.12,57.76,71.59,39.91
2019,Slovakia,Europe,889.12,4,775.5,20.39,20.11,19.58,1.9
2022,Bosnia And Herzegovina,Europe,1201.0,1,1201.0,27.7,32.18,25.7,3.34
2026,Namibia,Other,1891.0,1,1891.0,20.29,22.04,20.21,3.0
2021,Hong Kong,Asia,75.0,3,39.0,68.14,70.76,73.03,34.33
2023,Hong Kong,Asia,51.67,3,31.0,72.53,76.67,66.16,31.33
2026,Senegal,Other,1989.0,1,1989.0,18.03,19.18,17.63,5.0
2018,Estonia,Europe,469.75,2,314.0,30.31,28.23,25.93,7.93
2020,Nigeria,Africa,753.75,4,488.0,30.62,33.25,29.85,0.5
2017,Georgia,Asia,976.0,1,976.0,10.62,12.47,8.11,2.0
2021,Paraguay,Latin America,1001.0,1,1001.0,34.4,37.83,32.37,1.03
2016,Romania,Europe,698.25,4,576.0,19.36,19.54,19.02,2.75
2017,Singapore,Asia,153.5,3,12.0,79.5,73.78,72.83,16.13
2017,Slovenia,Europe,663.25,2,625.5,25.56,20.53,26.66,3.08
2023,Kuwait,Asia,868.33,3,704.0,49.16,11.37,3.3,21.75
2020,Paraguay,Latin America,900.5,1,900.5,35.5,37.55,42.37,1.03
2026,Sri Lanka,Asia,1682.83,6,1100.5,23.6,12.05,10.93,0.67
2026,Slovakia,Europe,1262.85,10,684.0,33.26,14.92,15.66,19.95
2021,Macau Sar,Asia,546.25,2,367.0,40.14,39.04,40.49,0.06
2025,Luxembourg,Europe,355.0,1,355.0,32.1,9.2,25.2,52.0
2024,Estonia,Europe,704.67,3,358.0,34.42,15.33,9.07,13.33
2018,Morocco,Africa,925.88,4,892.0,17.82,16.94,19.96,2.5
2024,"Palestinian Territory, Occupied",Asia,1167.17,3,1100.5,35.24,5.63,2.17,21.54
2017,Uganda,Africa,701.0,1,701.0,36.76,35.28,31.13,7.2
2023,Bolivia,Latin America,1387.0,3,1333.0,22.9,4.57,1.3,15.62
2024,Kosovo,Other,1857.0,1,1857.0,14.35,15.33,16.28,1.0
2022,Lithuania,Europe,726.7,5,400.0,25.26,25.96,25.12,7.57
2025,North Macedonia,Other,1770.0,1,1770.0,20.62,18.53,19.86,1.0
2022,Macau Sar,Asia,498.75,2,322.0,41.09,38.85,40.42,0.06
2019,Oman,Asia,450.0,1,450.0,25.7,26.78,26.54,3.25
2018,Slovenia,Europe,788.0,2,675.5,27.88,23.8,27.33,3.26
2021,Morocco,Africa,1109.33,6,819.0,23.66,25.72,24.7,2.5
2026,Fiji,Other,1116.0,1,1116.0,33.41,31.2,30.74,19.0
2018,Kuwait,Asia,675.5,1,675.5,22.69,23.94,22.23,13.87
2024,Mozambique,Other,1253.0,1,1253.0,27.21,30.36,27.07,0.0
2026,Northern Cyprus,Asia,691.88,4,483.0,43.26,23.99,30.69,71.48
2023,Sri Lanka,Asia,1278.0,2,1180.0,39.61,8.7,2.45,0.5
2026,North Macedonia,Other,1860.0,1,1860.0,21.0,16.92,22.26,0.0
2020,Cyprus,Europe,390.0,2,329.0,43.14,44.76,45.83,9.5
2024,Brunei,Asia,456.0,2,387.0,25.35,17.35,8.4,15.98
2019,Croatia,Europe,780.75,2,661.0,24.88,19.29,23.05,1.49
2021,Slovenia,Europe,763.0,2,625.5,26.84,25.12,25.63,3.74
2018,Oman,Asia,455.5,1,455.5,20.92,14.42,21.88,3.25
2026,Honduras,Americas,709.36,1,101.0,1.0,7.9,1.3,12.63
2018,Bangladesh,Asia,725.5,1,725.5,14.8,13.27,14.15,0.08
2023,Brunei,Asia,299.5,2,258.0,34.85,15.55,8.05,18.89
2018,Tunisia,Africa,1020.0,2,1002.0,14.82,13.11,14.56,1.0
2025,Rwanda,Other,1856.0,1,1856.0,18.76,14.7,20.33,3.0
2023,Costa Rica,Latin America,897.2,5,518.0,45.79,16.78,15.32,19.01
2017,Cyprus,Asia,400.5,2,361.0,37.92,39.15,31.16,7.0
2026,Syrian Arab Republic,Asia,1300.5,1,1300.5,13.88,8.0,1.5,7.0
2025,Honduras,Americas,1300.5,1,1300.5,37.8,5.1,1.0,32.18
2022,Syrian Arab Republic,Asia,1201.0,1,1201.0,27.7,26.08,31.37,1.26
2018,Macau Sar,Asia,525.5,1,525.5,40.01,39.47,40.5,0.04
2024,Jamaica,Other,1136.0,1,1136.0,29.61,33.85,29.35,1.0
2026,Georgia,Asia,1189.0,3,975.5,21.14,15.2,26.0,4.33
2022,Iceland,Europe,373.5,2,304.0,45.12,47.64,49.58,9.5
2021,Singapore,Asia,179.83,3,11.0,82.53,90.91,82.25,16.64
2023,Montenegro,Other,1617.0,1,1617.0,16.28,13.59,18.05,2.0
2023,Philippines,Asia,929.0,5,414.0,30.02,18.1,4.51,5.1
2026,Costa Rica,Americas,1379.8,6,499.0,21.68,19.63,8.17,9.69
2016,Qatar,Asia,649.0,1,649.0,21.62,20.56,17.56,42.0
2023,Malta,Europe,975.0,1,975.0,32.54,4.7,6.8,13.0
2026,Paraguay,Americas,1300.5,1,1300.5,21.22,7.6,1.2,1.0
2024,Malta,Europe,875.5,1,875.5,34.64,5.3,6.5,14.0
2023,Azerbaijan,Asia,1022.0,2,1021.0,29.49,7.55,1.2,11.15
2026,Latvia,Europe,1090.4,5,765.5,32.69,12.43,12.11,21.79
2023,Kenya,Africa,1173.0,1,1173.0,37.14,9.4,1.9,2.0
2020,Singapore,Asia,166.33,3,11.0,69.5,73.29,64.07,16.25
2024,Tanzania,Other,1363.5,2,1094.0,25.35,26.38,27.11,1.0
2016,Singapore,Asia,40.5,2,26.0,73.7,75.86,63.92,33.5
2022,Fiji,Other,1102.0,1,1102.0,24.54,20.11,23.92,1.0
2023,Uganda,Africa,1246.0,1,1246.0,30.82,9.4,4.6,3.0
2023,Belarus,Europe,690.67,3,289.0,45.63,13.9,1.23,24.87
2023,Paraguay,Latin America,1131.0,1,1131.0,37.1,5.7,1.1,18.14
2021,Oman,Asia,375.0,1,375.0,29.1,31.13,20.91,3.43
2016,Egypt,Africa,759.33,3,750.0,16.18,17.54,17.48,1.0
2017,Serbia,Europe,701.0,1,701.0,18.51,19.81,18.7,4.64
2018,Puerto Rico,Latin America,900.5,1,900.5,18.4,18.04,18.31,0.93
2018,Croatia,Europe,611.75,2,598.0,24.87,21.21,26.01,0.95
2019,Philippines,Asia,715.12,4,384.0,30.91,28.95,29.47,833.65
2023,Panama,Americas,1228.0,2,1137.0,31.75,7.6,1.05,17.13
2020,Tanzania,Other,1215.0,1,1215.0,16.84,15.29,20.02,0.0
2026,Uganda,Africa,1100.5,1,1100.5,36.86,13.4,6.5,4.0
2021,Montenegro,Other,1422.0,1,1422.0,15.24,13.64,14.71,2.0
2021,Luxembourg,Europe,224.0,1,224.0,51.77,54.52,66.88,51.0
2019,Vietnam,Asia,813.0,2,725.5,35.35,31.52,37.17,1.0
2025,Costa Rica,Americas,1175.5,5,497.0,33.92,16.09,4.72,19.0
2025,Kenya,Africa,1113.0,2,925.5,21.0,8.5,1.55,3.5
2024,Uruguay,Latin America,783.0,4,655.5,58.88,16.92,1.27,26.42
2019,Macau Sar,Asia,443.0,1,443.0,26.0,28.91,26.44,0.04
2023,Namibia,Other,603.0,1,603.0,39.22,39.61,42.87,3.0
2022,Croatia,Europe,1044.38,4,775.5,25.15,22.08,27.81,6.47
2017,Oman,Asia,455.5,1,455.5,21.24,19.64,18.73,3.25
2019,Slovenia,Europe,788.0,2,675.5,26.66,25.8,25.5,3.42
2024,Cyprus,Europe,539.33,3,368.0,37.67,29.7,57.4,27.33
2017,Slovakia,Europe,773.25,2,675.5,18.86,19.25,20.08,1.01
2021,Georgia,Asia,625.5,1,625.5,13.2,15.91,14.84,3.26
2026,Dominican Republic,Americas,1300.5,2,1300.5,20.8,3.95,1.8,17.82
2017,Nigeria,Africa,857.0,1,857.0,16.52,19.58,16.12,1.0
2020,Sri Lanka,Asia,950.75,2,900.5,27.86,27.42,28.65,0.61
2024,Kyrgyzstan,Asia,875.5,1,875.5,54.0,13.0,1.6,20.54
2019,Cyprus,Europe,373.0,2,348.0,42.89,44.91,40.8,9.0
2021,Jamaica,Other,564.0,1,564.0,37.78,35.49,44.73,1.0
2026,Tanzania,Other,1773.5,2,1645.0,22.42,20.75,24.18,3.0
2025,Brunei,Asia,473.5,2,385.0,26.3,17.8,9.9,8.5
2021,Ecuador,Latin America,929.92,6,775.5,39.07,36.35,41.42,4.8
2019,Ghana,Africa,951.0,1,951.0,20.28,16.12,10.65,2.0
2018,Cyprus,Europe,383.0,2,355.0,40.88,40.8,37.92,8.5
2025,Paraguay,Americas,1403.75,2,1100.5,34.65,14.77,11.0,13.74
2026,Estonia,Europe,640.83,3,362.0,34.23,18.63,17.5,12.0
2021,Bolivia,Latin America,1001.0,2,1001.0,34.4,24.67,36.94,1.68
2023,Mauritius,Other,1113.0,1,1113.0,26.74,32.85,29.31,1.0
2023,Qatar,Asia,209.0,1,209.0,42.6,24.4,36.9,35.0
2025,Fiji,Other,965.0,1,965.0,35.02,24.28,36.87,18.0
2025,Mozambique,Other,1347.0,1,1347.0,27.97,26.83,34.46,1.0
2026,Botswana,Other,1347.5,2,1197.0,29.72,28.52,30.23,7.5
2016,Estonia,Europe,471.5,2,363.0,31.22,31.27,36.06,4.0
2026,Macao,Asia,766.0,1,766.0,39.72,45.87,40.78,64.0
2026,Malta,Europe,745.5,1,745.5,36.79,9.3,10.1,18.0
2025,Mongolia,Other,1992.0,1,1992.0,15.4,19.37,16.66,2.0
2017,Iceland,Europe,245.0,1,245.0,46.79,49.74,28.01,8.0
2022,Azerbaijan,Asia,1100.5,2,1100.5,23.53,26.28,25.61,1.87
2019,Azerbaijan,Asia,900.5,1,900.5,28.4,27.56,33.25,1.57
2022,Georgia,Asia,889.75,2,575.5,18.01,21.42,16.18,2.57
2025,Armenia,Asia,925.5,1,925.5,16.24,7.0,1.3,3.0
2025,Bosnia And Herzegovina,Europe,1100.5,1,1100.5,18.66,4.4,1.9,4.0
2016,United Arab Emirates,Asia,654.0,2,588.0,21.68,23.1,20.15,54.0
2023,Sudan,Africa,1395.0,2,1380.0,22.45,4.55,1.9,26.68
2021,Qatar,Asia,245.0,1,245.0,37.9,33.76,34.67,36.3
2025,Botswana,Other,1314.0,2,1270.0,28.6,30.77,26.16,7.5
2025,Hong Kong,Asia,35.0,1,35.0,79.61,91.2,45.66,45.0
2024,Georgia,Asia,1200.17,3,825.5,22.85,13.66,15.04,3.0
2016,Ukraine,Europe,783.0,2,766.0,14.89,12.44,15.14,12.0
2016,Argentina,Latin America,799.0,1,799.0,14.07,9.72,14.3,2.0
2016,Iceland,Europe,224.0,1,224.0,46.64,41.43,54.19,8.0
2019,Jamaica,Other,595.0,1,595.0,33.66,40.74,34.16,4.0
2025,Zimbabwe,Other,1595.0,1,1595.0,23.71,29.15,25.45,0.0
2023,Zimbabwe,Other,1101.0,1,1101.0,26.94,24.48,33.77,0.0
2026,Puerto Rico,Americas,1100.5,1,1100.5,49.8,14.8,3.5,19.41
2016,Latvia,Europe,713.0,1,713.0,19.18,17.94,20.2,3.0
2023,Fiji,Other,1011.0,1,1011.0,29.47,30.68,27.66,1.0
2016,Lebanon,Asia,505.0,1,505.0,29.17,34.3,29.61,25.0
2018,Northern Cyprus,Not Classified,634.0,1,634.0,29.18,33.55,29.45,84.0
2021,Syrian Arab Republic,Asia,1001.0,1,1001.0,34.4,38.1,33.06,1.26
2022,Paraguay,Latin America,1100.5,1,1100.5,33.8,36.63,40.09,1.03
2019,Nepal,Other,974.0,1,974.0,19.69,22.66,22.84,0.0
2017,Northern Cyprus,Not Classified,776.0,1,776.0,19.71,17.17,18.91,34.0
2024,Armenia,Asia,1100.5,1,1100.5,21.1,7.0,1.4,2.0
2025,Malta,Europe,755.5,1,755.5,36.03,6.1,7.2,17.0
2025,Guatemala,Americas,1300.5,1,1300.5,37.8,10.2,1.0,22.53
2019,Belarus,Europe,627.25,2,354.0,29.6,22.47,25.27,12.41
2024,Luxembourg,Europe,381.0,1,381.0,29.1,9.1,28.6,49.0
2024,Botswana,Other,1216.0,2,1201.0,27.94,28.92,26.43,6.0
2026,"Macao Sar, China",Asia,550.17,3,285.0,46.57,10.5,60.8,56.71
2019,Hong Kong,Asia,83.33,3,36.0,67.94,65.05,76.71,33.67
2022,Bolivia,Latin America,1201.0,2,1201.0,27.7,28.49,26.41,1.68
2023,Honduras,Latin America,1418.0,1,1418.0,21.2,4.6,1.0,19.2
2016,Kenya,Africa,751.0,1,751.0,16.77,16.65,17.18,1.0
2020,Macao,Asia,284.0,1,284.0,48.09,47.17,48.78,79.0
2020,Slovenia,Europe,685.5,2,595.5,26.26,27.43,26.02,3.55
2022,Sudan,Africa,1201.0,2,1201.0,27.7,23.97,27.21,1.4
2020,Nepal,Other,1126.0,1,1126.0,19.02,16.7,12.61,0.0
2022,Panama,Latin America,1050.75,2,900.5,36.75,28.14,39.7,2433.67
2022,Jamaica,Other,472.0,1,472.0,41.66,36.11,43.22,1.0
2022,Oman,Asia,368.0,1,368.0,30.4,26.42,27.6,3.67
2016,Bangladesh,Asia,769.0,1,769.0,15.44,15.64,10.75,5.0
2025,Democratic Republic Of The Congo,Other,1656.0,1,1656.0,22.83,15.88,23.59,1.0
2017,Morocco,Africa,901.0,3,843.0,14.63,11.71,16.3,1.67
2020,Qatar,Asia,276.0,1,276.0,35.8,45.78,34.62,20.51
2020,Georgia,Asia,1365.0,1,1365.0,12.92,16.11,12.28,2.0
2019,Uganda,Africa,567.0,1,567.0,34.62,33.51,32.91,8.0
2017,Latvia,Europe,781.75,2,675.5,16.64,18.46,17.21,6.99
2020,Ghana,Africa,983.0,1,983.0,22.67,20.86,20.22,1.0
2022,Armenia,Asia,900.5,1,900.5,45.8,38.31,42.98,3.68
2024,Bosnia And Herzegovina,Europe,1300.5,1,1300.5,16.57,4.2,2.0,0.0
2018,Ecuador,Latin America,813.0,2,725.5,26.3,23.08,27.94,1.32
2022,Cyprus,Asia,550.33,3,440.0,33.93,28.88,28.31,26.42
2025,Dominican Republic,Americas,1300.5,2,1300.5,37.8,2.9,1.3,21.77
2023,Northern Cyprus,Not Classified,581.5,2,518.0,39.83,35.91,42.47,79.5
2019,Tanzania,Other,1091.0,1,1091.0,16.6,15.03,16.85,0.0
2021,Botswana,Other,1277.0,1,1277.0,17.94,18.2,19.05,4.0
2018,Georgia,Asia,1078.0,1,1078.0,12.15,10.93,14.15,2.0
2020,Jamaica,Other,579.0,1,579.0,35.95,32.65,25.07,1.0
2023,Iceland,Europe,439.5,2,336.0,44.34,44.67,40.91,9.0
2016,Macao,Asia,428.0,1,428.0,33.81,38.6,37.02,31.0
2023,Georgia,Asia,905.5,2,611.0,18.94,15.55,12.44,3.0
2024,Ethiopia,Africa,1016.25,2,875.5,41.53,16.3,15.17,13.88
2018,Luxembourg,Europe,179.0,1,179.0,53.8,54.01,67.24,57.0
2025,Sudan,Africa,1100.5,1,1100.5,47.4,6.1,2.6,19.49
2025,Mauritius,Other,1212.0,1,1212.0,30.41,25.58,28.06,9.0
2021,Serbia,Europe,1001.0,3,1001.0,27.02,29.1,31.65,4.74
2024,Qatar,Asia,241.5,2,173.0,41.25,19.3,63.7,28.74
2018,Ghana,Africa,900.5,1,900.5,21.4,20.51,16.62,1.54
2022,Honduras,Latin America,1201.0,1,1201.0,27.7,25.0,26.34,19.95
2018,Bahrain,Asia,658.0,2,415.5,40.35,34.19,32.25,46.01
2020,Puerto Rico,Latin America,902.25,2,900.5,30.37,31.96,28.0,0.96
2018,Kenya,Africa,900.5,1,900.5,17.98,19.15,20.89,0.0
2024,North Macedonia,Other,1621.0,1,1621.0,20.51,21.19,26.48,5.0
2022,Qatar,Asia,224.0,1,224.0,40.7,35.55,30.7,35.93
2018,Belarus,Europe,554.75,2,334.0,32.4,32.43,29.91,12.9
2026,Hong Kong,Asia,172.0,2,33.0,67.06,72.79,68.93,46.5
2024,Zambia,Other,1367.0,1,1367.0,25.39,21.07,20.86,2.0
2019,Qatar,Asia,332.0,1,332.0,32.0,30.1,26.75,22.21
2017,Macau Sar,Asia,525.5,1,525.5,37.61,30.76,39.61,0.04
2025,Namibia,Other,1864.0,1,1864.0,18.59,19.56,20.19,3.0
2025,Tanzania,Other,1750.0,2,1669.0,20.96,16.41,18.65,0.0
2019,Bosnia And Herzegovina,Europe,575.5,1,575.5,54.3,67.13,56.64,16.38
2023,Kyrgyzstan,Asia,856.0,1,856.0,52.4,10.7,1.6,31.33
2017,Puerto Rico,Latin America,701.0,1,701.0,28.5,30.01,25.92,0.93
2026,Mongolia,Other,2036.0,1,2036.0,17.0,19.44,15.35,7.0
2026,Libya,Africa,1254.0,1,1254.0,31.18,6.8,1.3,2.0
2016,Mexico,Latin America,511.0,2,431.0,28.98,26.07,29.43,8.5
2017,Sri Lanka,Asia,701.0,1,701.0,12.58,10.78,8.78,0.66
2017,Belarus,Europe,527.5,2,354.0,30.75,25.44,31.22,12.51
2017,Bangladesh,Asia,701.0,1,701.0,28.5,37.05,26.37,141.09
2026,Mozambique,Other,1393.0,1,1393.0,28.71,25.89,32.5,1.0
2022,Montenegro,Other,1528.0,1,1528.0,15.83,17.89,14.23,2.0
2024,Namibia,Other,1261.0,1,1261.0,27.09,25.12,26.06,3.0
2021,Bosnia And Herzegovina,Europe,1001.0,1,1001.0,34.4,35.7,29.95,3.34
2024,Guatemala,Americas,1300.5,1,1300.5,31.7,9.3,1.0,30.86
2024,Paraguay,Latin America,1100.5,1,1100.5,42.2,5.4,1.1,17.61
2016,Cyprus,Europe,366.0,1,366.0,37.31,47.81,43.41,8.0
2018,Qatar,Asia,349.0,1,349.0,33.8,39.59,27.79,23.96
2018,"Palestinian Territory, Occupied",Asia,900.5,1,900.5,18.4,21.07,22.76,4.63
2026,Rwanda,Other,1837.0,1,1837.0,21.32,23.33,22.25,3.0
2017,Algeria,Other,910.0,1,910.0,14.62,11.69,14.41,1.0
2023,Jamaica,Other,551.0,1,551.0,40.94,32.7,32.29,1.0
2023,Syrian Arab Republic,Asia,1406.0,1,1406.0,21.8,5.5,1.2,20.67
2026,Jamaica,Other,1422.0,1,1422.0,28.42,29.17,28.2,1.0
2019,Kenya,Africa,900.5,1,900.5,16.66,14.74,17.12,1.0
2020,Bahrain,Asia,900.5,1,900.5,35.5,30.31,34.39,17.94
2024,Fiji,Other,1042.0,1,1042.0,31.75,41.17,31.09,1.0
2021,Nepal,Other,998.0,1,998.0,25.16,26.47,27.87,0.0
2016,Indonesia,Asia,764.0,1,764.0,15.79,12.82,15.97,0.0
2016,Nigeria,Africa,791.0,1,791.0,14.21,15.45,15.34,1.0
2022,Malta,Europe,900.5,1,900.5,31.89,37.2,33.28,8.05
2026,Sudan,Africa,1300.5,1,1300.5,40.6,8.9,5.1,22.8
2019,Northern Cyprus,Not Classified,651.0,1,651.0,31.2,32.11,36.16,84.0
2020,Macau Sar,Asia,387.0,1,387.0,28.7,27.23,33.95,0.04
2023,Nepal,Other,893.0,1,893.0,31.9,28.88,32.93,0.0
2026,Kosovo,Other,2017.0,1,2017.0,17.47,17.19,19.88,2.0
2016,Oman,Asia,662.0,1,662.0,20.67,26.9,18.84,3.0
2025,Kosovo,Other,1916.0,1,1916.0,17.19,17.7,17.01,1.0
2022,Kenya,Africa,1100.5,1,1100.5,40.04,36.59,44.0,2.0
2022,Luxembourg,Europe,261.0,1,261.0,50.02,49.33,50.78,52.0
2019,Kuwait,Asia,900.5,1,900.5,22.24,23.17,23.16,14.07
2024,Zimbabwe,Other,1469.0,1,1469.0,23.32,27.75,23.84,0.0
